,-77.85833333554297,-77.8416666688763,-77.82500000220963,-77.80833333554297,-77.7916666688763,-77.77500000220964,-77.75833333554297,-77.74166666887629,-77.72500000220964,-77.70833333554296,-77.69166666887631,-77.67500000220963,-77.65833333554298,-77.6416666688763,-77.62500000220963,-77.60833333554297,-77.5916666688763,-77.57500000220963,-77.55833333554297,-77.5416666688763,-77.52500000220962,-77.50833333554297,-77.49166666887629,-77.47500000220964,-77.45833333554296,-77.44166666887631,-77.42500000220963,-77.40833333554296,-77.3916666688763,-77.37500000220963,-77.35833333554297,-77.3416666688763,-77.32500000220963,-77.30833333554297,-77.2916666688763,-77.27500000220962,-77.25833333554297,-77.24166666887629,-77.22500000220964,-77.20833333554296,-77.1916666688763,-77.17500000220963,-77.15833333554296,-77.1416666688763,-77.12500000220963,-77.10833333554297,-77.0916666688763,-77.07500000220963,-77.05833333554295,-77.0416666688763,-77.02500000220962,-77.00833333554297,-76.99166666887629,-76.97500000220963,-76.95833333554296,-76.9416666688763,-76.92500000220963,-76.90833333554296,-76.8916666688763,-76.87500000220963,-76.85833333554297,-76.84166666887629,-76.82500000220963,-76.80833333554295,-76.7916666688763,-76.77500000220962,-76.75833333554297,-76.74166666887629,-76.72500000220963,-76.70833333554296
40.28333333575379,4.14560525,3.21392,4.58486425,1.3382837749999998,3.50645175,5.471586500000001,2.824329,2.660837,8.23053445,9.11160925,3.5315397500000003,3.8401404999999995,2.0721805,1.1066980499999999,0.9388315,2.53457315,3.480869825,4.458251825,7.5719815,3.84986725,2.263738,2.7799077499999996,2.3507284999999998,0.73713924385,0.30040795,4.7643327499999995,3.556051,1.7617102500000001,3.26873775,5.10770325,16.11526475,6.5571105,4.92538175,4.84814775,13.50180975,22.395790249999997,21.71591,17.65003,15.6219,11.374876749999999,12.16779975,12.406215,11.785720000000001,24.1453325,25.6472525,89.50162,21.884165,36.124555,73.855155,55.9994925,74.99953000000001,273.456725,110.27027249999999,294.2329975,736.421525,846.95435,4.5315375,1435.9833250000001,90.72004425,73.657495,669.33155,1155.74425,1051.097575,933.3365,564.465375,482.64095000000003,117.234305,88.19197,56.59257,195.44935750000002
40.26666666908712,3.1304652500000003,7.709732249999999,2.9407052499999997,2.7406046,6.700041000000001,5.296522749999999,5.1170045,11.47168875,5.61909625,5.160648,2.29673725,2.277079,0.8617276500000001,1.183473225,1.2549742,0.7831444750000001,0.49425572500000003,1.597735275,2.293915375,1.3653351295,0.94093445,0.9462398000000001,0.247112875,0.0,1.5414367,4.2699815,2.14423775,4.37560575,4.86251125,6.304504,14.006691000000002,8.6703285,6.042272499999999,7.612396,10.095090249999998,17.9227525,17.127962500000002,10.996623249999999,9.4810735,10.88797225,10.520012275,19.2794075,28.120745,39.1844075,112.10165,39.31968,37.56216499999999,57.2907125,80.001065,210.911025,83.07154,270.6257625,372.3697,690.8030249999999,548.335775,562.2643475,677.077675,1474.8390749999999,1243.882825,2023.772125,1263.84505,780.7763249999999,550.469525,510.188225,600.275525,522.95165,313.6243,159.51081499999998,288.8675825,197.0383025
40.25000000242046,7.863917,3.3518549999999996,2.3083078749999997,3.7139067500000005,1.35165475,2.48090375,3.3399585000000003,6.4897575,2.37662275,12.705837500000001,2.65552425,2.2466487500000003,2.4167232,0.5643056,0.6673692250000001,0.252881475,0.18806555,0.10709535999999999,0.0096093475,0.0,0.0812071025,0.0,0.296643,4.416992485,11.07295425,5.047916,5.479393,7.04999675,8.99408275,24.157428,22.096085,23.547955,17.67344,20.158575,20.849087500000003,20.126984999999998,25.27612,32.295032500000005,36.4157975,70.9030325,238.40479999999997,112.162195,42.14138,26.784802499999998,122.50089525,191.29367249999999,36.402347500000005,46.744025,68.4916475,266.46085,82.5268475,635.8715500000001,669.047075,473.20565,664.6469,302.083775,710.7529750000001,310.6569522190545,884.092525,2287.833525,1695.434275,1082.3663,356.218375,604.21605,331.63525,250.18062500000002,302.9869,205.03288750000002,578.69801425,352.9297
40.23333333575379,5.001938,1.8098305,3.6313804999999997,1.0953251750000002,2.9428195,8.07082525,2.1444135,2.896958,8.310074,9.85922225,3.39425225,9.1311855,4.4150215,0.58559425,0.225186525,0.19262970000000001,0.076511205,0.0,0.0,0.0,0.1219429,2.762176925,13.567258,13.5733775,31.6279775,15.070069499999999,16.593878500000002,10.32405825,12.07251725,58.91006,46.6238225,34.7079925,19.508935,21.7300325,24.037595000000003,33.091375,23.23565,78.6162075,40.589535,226.564875,642.9027500000001,104.55108499999999,27.68777,46.6531975,10.2577095,15.3824205,110.486455,178.41463,59.86636,109.1740875,194.19602500000002,326.58465,435.53028,533.93805,680.9389249999999,994.9968,876.6982250000001,935.784075,686.63415,402.68386115000004,709.239335,954.23015,704.784175,186.52678500000002,275.4502,246.45635,66.0718375,46.2438,827.90245,141.9011725
40.216666669087125,2.2352095,4.2829695,2.2575445000000003,2.34729015,3.0087215,3.1214515,3.47887775,4.598007,10.942504750000001,17.05622,9.956216000000001,7.137780749999999,2.40046005,1.124883975,2.66933675,0.4447180625,0.0,0.0,0.182933175,2.5304075,7.6268655,22.6043405,18.4082205,17.3987335,32.62101,35.39719,14.58787325,13.03328225,64.35281,56.54482,33.79446,25.854640000000003,26.68266,85.5640225,54.022405000000006,26.62751,35.24731750000001,34.699585,108.0300025,150.795595,449.38120000000004,236.79477749999998,37.228727500000005,28.91930525,33.877355,159.7468885,73.74080000000001,30.1959625,75.5344925,321.4911,676.8233,252.328875,99.9384675,698.70545,620.0029999999999,252.54164999999998,773.088,625.05485,900.972175,998.542675,134.98246450000002,519.27514,334.401055,119.67097999999999,147.6178525,418.108225,68.3602375,65.73006749999999,101.73890250000001,89.12915749999999
40.20000000242045,4.501125249999999,4.126875999999999,7.179382,4.4467817499999995,4.955945000000001,3.68191175,7.312735249999999,8.03820125,12.3528325,12.4914635,6.58797425,3.464959,3.112348,11.184938500000001,5.673760250000001,1.2708697500000001,0.5225031732500001,1.74025711,6.539607,8.5129415,15.655422,15.402574999999999,29.502815,33.7076225,32.547955,39.059137500000006,18.680374999999998,14.57438475,13.82680175,21.702082500000003,21.450032500000002,19.9433175,22.3227835,47.512725,100.065125,59.821402500000005,73.6267275,25.5834,310.69787499999995,1447.94905,1298.369025,432.4592375,35.183705,40.5625025,93.601915,64.9351475,27.745325,30.384764999999998,66.04318,392.475725,898.3241499999999,915.5573,981.49315,517.8185325000001,319.201175,641.0859949999999,10.0625525,258.2381375,146.617755,236.75065,108.6903025,34.1187185,31.934740724999997,209.279608475,652.284275,503.9886,60.9669675,695.26905,381.92355000000003,95.7183975
40.18333333575379,13.154842,9.08529425,8.39693975,5.2189464999999995,3.210825,7.0733014999999995,8.45869,8.417390000000001,8.497098,6.95296025,3.6221509999999997,10.53073225,5.346091674999999,2.014581325,3.6377865,1.029436775,2.9203925,9.80600125,26.01695,30.91247,20.7489075,8.1952225,15.78951675,23.7297325,32.8603775,26.480919999999998,25.937559999999998,71.93981,19.68255,27.655124999999998,25.294105,38.4882575,33.64897,42.6608375,76.3421725,56.27901,27.857615,26.857882,288.17750075,927.64055,514.5235,313.73437750000005,188.621095,29.956145,66.85629499999999,75.24547,58.7319475,37.584625,48.3652725,41.82313,110.5370025,123.42503,410.04309,289.84815,73.59187849999999,116.70415,90.7516525,176.849975,98.7236375,164.016145,309.374675,79.72698,31.0790675,24.367825,8.47616925,0.8489305250000001,13.257103149999999,1074.30665,483.8120475,109.1898725
40.16666666908712,17.88566375,11.8987275,10.503994,2.54937025,11.72538325,24.33531325,41.13588025,8.49578825,7.03144,3.819825,3.57833875,7.96310375,2.070490725,0.4467004,2.069540425,3.0676445,6.6501165,15.317269999999999,14.0645875,23.0338875,6.9943275,5.73795225,7.94008,6.33708375,18.531079499999997,27.183149999999998,39.6122075,371.256225,64.72833750000001,21.722345,35.8839775,39.292735,66.404035,61.0057725,62.341274999999996,48.146545,20.352745,60.22897075,142.13898749999998,265.137425,70.870285,125.3024425,280.465875,113.819275,55.6918275,48.9082025,77.68816749999999,44.10279250000001,32.31872,63.200002500000004,126.65520000000001,348.48605,596.24635,270.3938175,51.9517825,76.2019925,117.19503,85.8563,77.27616499999999,86.6980725,180.672175,154.84472,235.46435,167.9969575,48.05254000000001,28.122452499999998,9.02529925,9.70209,46.386255,35.346635500000005
40.150000002420455,10.217988250000001,10.42972125,8.419427500000001,7.490505499999999,26.202849999999998,36.109535,15.5890005,6.89430225,6.758489000000001,9.6098775,7.7751625,1.57592666,0.3575098,1.2704806249999998,10.92360885,24.8806825,19.164125,11.7634125,12.55517575,26.2099275,13.205247,6.57772975,15.75942875,15.7400545,29.024752499999998,19.382887500000002,21.95906,146.5954825,45.78053249999999,19.754550000000002,39.28048,47.962842499999994,74.6145875,34.936629999999994,68.7899,50.988842500000004,32.6134225,79.892555,12.318079999999998,20.222695,25.5915575,48.095704999999995,192.8261,398.30875000000003,56.3153875,41.7362,77.277468,32.3956425,17.7399755,62.410375,374.849295,465.54560000000004,608.9329,29.719299999999997,21.870755000000003,34.8662475,92.6649875,43.536935,101.4648875,87.15180000000001,76.54410250000001,174.70335,428.44947499999995,221.67362500000002,368.5122,73.2136975,223.91042425,0.0,55.401025000000004,34.251775
40.13333333575379,8.044805499999999,8.254987,5.374388,11.1520425,12.14681275,26.9341075,7.4227105,9.16381875,8.47023975,4.19344,3.26025925,2.4816262499999997,4.088061,16.1501475,11.3323,13.529353749999999,19.76876,48.972322500000004,109.1359325,27.142962500000003,15.78999525,28.197490000000002,39.319010000000006,23.6625325,19.375555000000002,31.242137500000002,9.323184000000001,24.79501,20.7180325,25.40632,23.594405000000002,19.9457275,22.279985,20.9545075,34.1387025,27.83367,10.176198750000001,32.149725000000004,31.988725000000002,24.593204999999998,40.9550325,33.240207500000004,36.6726625,148.1724725,31.93683,21.799957499999998,50.225382499999995,54.325515,50.0681275,130.4248695,188.0456175,157.60535750000003,100.990815,103.195005,45.41437500000001,30.2839,72.892565,50.07524,80.67422499999999,158.8136075,56.64905,119.08856,119.39826500000001,78.70518,148.292575,104.3906925,175.62235499999997,0.0,19.867005,43.28246
40.116666669087124,8.8504465,4.21188025,14.767368,17.66259,21.531105,20.6895175,15.660445750000001,9.84107475,6.93736,6.341975249999999,7.722349749999999,6.32736875,12.69944,20.356515,21.19249,36.968334999999996,23.700685,34.3526925,42.32856,25.042242,25.074505,32.2644825,27.166545,15.2070425,40.951179999999994,15.451929999999999,30.127052499999998,51.9212025,17.2323575,20.241135,11.2737425,15.544432500000001,26.942212500000004,41.9918175,36.400465,29.8383075,33.94745,78.46714,88.3459325,332.99080000000004,289.6726825,13.098821749999999,38.9939225,51.30806,12.93035875,21.0324475,53.3367875,83.658165,58.1282625,129.536745,210.211735,51.38759,39.1755675,50.886097500000005,31.155725,23.621845,16.430284999999998,32.018825,43.0593975,66.2223625,81.73778999999999,47.6661375,56.7846825,46.4762175,280.88425,282.52144999999996,127.29226,55.9618125,44.02160675,67.948655
40.10000000242046,4.32580425,2.729673,11.969205500000001,14.7001575,17.14078,8.1611405,2.943642,2.34105925,2.62463725,10.508332,11.78629525,76.15362,37.37507,22.596245,15.5288825,16.196112499999998,22.815085,9.621372000000001,18.8847455,45.8406275,37.9238575,16.998762,8.043448000000001,15.07706025,24.316915,18.0353225,27.9410925,26.431939999999997,22.62277,36.04845,26.83195,54.96549,36.621452500000004,35.96562,43.5717075,17.477420000000002,16.41263025,23.42250675,38.95411,122.54292749999999,164.87653675,12.887175500000001,18.42985175,16.48375325,3.6975105,4.65363275,31.592374999999997,92.00092000000001,201.418275,657.8487749999999,115.40907250000001,64.6506575,57.5561875,31.298499999999997,14.642645,11.25580325,21.424217499999997,22.0742275,22.0310075,43.46525749999999,56.5542425,135.53598,50.85509,41.078145,101.8480675,63.6002725,51.880005,70.35431249999999,266.55425,8.33737
40.08333333575379,1.5405604999999998,1.448552,17.18264925,18.27943975,4.29768575,2.17259,2.3577060000000003,4.52298275,7.97095575,9.2120225,8.59065675,35.74345175,36.506730000000005,37.5101,23.5706075,13.5399575,17.238885000000003,15.862755,19.4991325,30.25263,21.3727425,22.758522,18.383053,22.381462499999998,28.11143,28.569955,55.0303125,82.0656175,20.52416675,24.83872075,31.912500249999997,52.021315,39.9206825,13.630537499999999,15.1787925,12.5645525,6.20963555,4.1009935,7.677634575,0.274517055,20.90253775,19.2083725,12.50469875,9.9821735,12.954108999999999,26.012825,30.1988825,58.519814999999994,208.7286025,64.82054,53.7486975,56.589765,28.0500975,15.815314999999998,33.5436575,21.209015,36.6648425,54.9397625,21.075255249999998,21.2051075,25.3020175,73.7731875,43.561167499999996,26.102124999999997,37.4529725,103.3061225,58.0074325,67.981605,231.05632500000002,20.269281325
40.06666666908712,2.016025,7.220396249999999,22.1508175,7.201516750000001,3.0172179999999997,1.7607727499999999,4.79052025,9.88907025,11.2461825,14.2872925,6.932578250000001,9.044737,15.8103325,36.05054749999999,24.370035,43.2643025,43.355775,52.172737500000004,22.7849225,81.76803,25.043425,112.375905,36.5040125,21.4233975,51.4469075,59.808429999999994,57.78844000000001,40.4052075,22.22527425,9.7982845,15.408547749999999,27.029555000000002,14.3196625,12.1893525,14.1352275,11.07144725,2.4690569,1.952543425,5.36077615,60.20992591750001,14.76041,39.0271575,24.4196325,27.3644235,59.39279,46.656867500000004,38.2047075,49.482355,53.9983625,157.4661925,43.043175000000005,31.6101375,22.8923825,42.1981775,48.2977275,37.593757499999995,28.8193375,23.161157250000002,20.524945000000002,35.7922,31.4122,38.60077,35.6209875,41.799625000000006,66.7439475,136.074505,54.627674999999996,104.12414,315.1019225,145.0604875
40.050000002420454,7.885677749999999,67.181555,16.99058,3.9830740000000002,4.9879255,1.9541020000000002,8.338151,10.1147885,10.325269124999998,29.943928250000003,7.54366145,8.91647025,44.76179125,17.8681525,64.431495,69.33869999999999,48.6455975,133.8895225,253.3870875,528.4218549999999,1397.701275,250.25202499999997,110.570085,42.360625,34.5673875,23.690827499999997,41.88612125,8.571721,5.9185099999999995,6.18953475,8.73305425,11.6127275,7.65771975,5.092629075,3.33365775,0.2471422425,5.2176576,9.43422225,11.9143125,81.5042475,38.5347275,47.8520625,28.23616925,29.32189125,83.91629725,70.1805525,42.8431625,59.288672500000004,87.10300000000001,28.789340000000003,16.311765,27.4756875,25.1660275,30.933507499999997,55.111087500000004,67.03787249999999,37.314755,35.9886275,25.039375,45.9306625,46.08337,38.343202500000004,33.63997,66.011565,249.63842499999998,199.75759,35.17164,65.5927225,654.4313500000001,337.89003749999995
40.03333333575379,9.78735885,6.6757005000000005,3.841464,1.868380175,0.7763746499999999,1.3388577,3.0638960425,0.06322394249999999,0.040798390000000004,0.026393859999999998,0.0,0.0139679525,15.55711375,24.78443,22.25351,33.72931,37.852875,81.59862999999999,108.35915250000001,301.6773,219.410325,348.6665575,194.8112325,108.88927749999999,55.586765,50.23783425,9.1549265,1.989944125,1.078372125,4.39183225,3.260552425,1.98739836585,0.190350193725,0.2561656355,1.006995575,0.60626302,2.8272797499999998,3.801421,18.7742425,83.68570249999999,71.74209,28.6013625,16.6661325,17.8835355,32.0817275,17.22731375,27.7012275,54.608225000000004,43.4015175,19.116,26.14064,14.637452499999998,13.003301,22.8784675,34.922255,47.168265000000005,45.1738225,34.45072225,68.09848500000001,40.1235675,41.029535,78.1934975,54.12778,38.565055,53.059982500000004,36.4719125,36.8425975,276.8410175,43.31706,86.835305
40.01666666908712,0.2554941475,3.1897022,0.8410467750000001,0.17182325625,0.0114567075,0.0,0.0496799475,0.0034354975,0.0,0.440745,0.00082288025,0.0,0.0431752475,32.1984975,27.59409075,13.9485125,17.8340575,109.4035775,74.2196175,60.393564999999995,64.73671,41.902805,20.7748425,33.2031825,15.248990500000001,5.01334175,7.05048775,1.571174,0.3117525,0.697397925,0.19803368942500002,0.0,0.555305,0.730549,0.054179025,0.381866825,10.164264249999999,14.724693250000001,47.2867175,36.971000000000004,31.13712425,12.1454395,12.95815725,10.16453175,9.860082,10.423365749999999,11.762362750000001,40.8999575,34.4060675,21.671217499999997,15.44458375,13.7123415,23.8893225,32.0890275,46.56518,51.815605,24.8715275,39.42837,76.3622925,74.397735,38.495129999999996,60.1814675,40.629745,200.9888225,167.3215475,442.38839999999993,71.013815,162.061459,22.437935000000003,265.4851
40.00000000242046,3.2366355,2.25104535,1.3677660999999999,5.513026149999999,12.2136855,3.9709409074999997,0.01007876115,0.0,0.0,0.4139225,0.1445097,0.0,0.68388375,11.644641,48.96677,70.591435,39.9096975,72.9507775,40.44672,34.76357,112.5568275,41.51997,15.728505,14.11756,3.08229825,2.10048075,5.481852,4.432959650000001,0.17698745,0.00199226575,1.179413725,2.1136471537499997,5.1297741750000005,7.3977172499999995,20.2586495,14.95919375,29.348489999999998,19.39764625,36.222585,40.84893,13.870843500000001,17.94301825,9.990468,12.4729025,251.09142,53.1842825,16.17786025,15.845725000000002,25.298097499999997,28.48162,16.05824925,16.53416275,22.686899999999998,34.9641475,16.46272425,31.2159125,81.301005,60.431020000000004,43.8940075,51.3797625,429.9323975,224.19141,274.080225,263.059175,415.359125,424.20335,318.918155,518.3815374999999,168.08426250000002,284.57237499999997
39.983333335753784,1.04705775,0.379651,5.3452772500000005,15.2165625,21.61054,16.099214749999998,1.9060112500000002,0.0,0.0380064,0.0,0.25971872500000004,36.29700975,10.88881475,12.914694749999999,170.60111999999998,87.70878,33.405514999999994,12.83598475,28.685457500000002,36.271834999999996,14.681175,29.752486,37.929289999999995,18.73374,0.7756118175,1.673501475,4.86780225,9.51785525,5.08713625,2.634399475,5.258755,15.835709750000001,23.7347125,30.585185,35.50118500000001,28.877655000000004,84.9728925,47.518675,16.25592125,11.6220755,17.486105,19.749312500000002,34.969322500000004,19.24064,66.363005,17.061071,12.133342500000001,17.538496000000002,113.56421750000001,194.6347025,15.081133000000001,30.1852475,29.950535000000002,26.3242525,25.907962499999996,41.48613,49.1307575,43.9642025,17.690172500000003,118.006115,394.510725,604.5988500000001,487.279175,312.479825,417.0894,421.72085000000004,643.0779249999999,384.57925,199.15216999999998,447.332625
39.96666666908712,0.33990475,7.5188285,10.5694145,20.896597,17.13080375,11.323699,9.497265500000001,8.365747249999998,13.0780385,135.93444,129.21881,57.922275,23.18177,227.541875,110.437825,109.8351375,129.990545,19.034190000000002,31.9120775,18.284824999999998,21.8724225,10.01693425,11.85330395,21.794066,0.00166319075,0.10823215,5.2732585,2.3192168,18.767135,14.682084000000001,10.391546,15.896945,19.159165,16.626662500000002,20.8907825,13.512681,122.91422150000001,79.9602075,42.82198425,16.0450675,24.583620000000003,43.666065,35.491442500000005,28.442805,22.51533,14.01305575,15.883605,19.048875000000002,189.32266249999998,194.272495,16.83701675,22.645780000000002,45.8814225,25.8124325,28.89602,33.737955,43.253385,56.890945,32.538807500000004,107.03337,297.3187425,825.22955,670.58455,703.33015,708.322225,91.39147525000001,918.3587500000001,1076.050675,1108.892375,908.1169750000001
39.95000000242045,4.8798050250000005,8.91164225,51.718115,67.154715,17.681145,8.84098225,22.34929,16.14132175,101.28766,180.1238,240.0705,139.9564125,287.807725,665.483675,54.411950000000004,196.38495,173.19517000000002,175.2784775,50.5971,21.552637500000003,14.8161775,4.781817275,0.0,0.0,2.369048e-05,1.3055579,1.8409175000000002,3.2755252500000003,28.92484475,34.5100225,25.7726275,13.3949885,15.0654625,26.0356125,26.519705000000002,7.32078925,21.4166475,14.618531999999998,37.470285000000004,24.2970125,16.3919925,23.651435,79.7846175,24.760745,22.996995,11.494737,12.00842675,14.656537499999999,30.7469425,26.092727500000002,17.819917500000003,17.6542375,39.9447275,30.842565,31.3969475,30.3517825,28.7960425,21.4506725,20.603364999999997,21.935744999999997,31.89767,299.7123425,370.582585,409.944245,526.1841999999999,988.258125,2569.1313499999997,2527.12925,2813.165,829.030825
39.93333333575379,7.604040749999999,7.5023255,25.44638125,15.939282500000001,22.094135,10.358042999999999,16.100247500000002,44.432365000000004,41.221745,82.077285,226.09985,1289.874725,835.873425,153.8159725,33.740965,68.35153,90.47149000000002,148.6039175,81.1725325,26.4732625,18.847511,8.172405,12.075438250000001,0.51660325,0.45957826500000004,1.821287,2.5743515,16.72877775,17.310164999999998,14.83160025,6.790031,6.063646,19.91734125,18.65090325,11.78174775,22.86795,29.715185249999998,26.51035825,19.9138775,19.250092000000002,24.132465,35.169484999999995,107.16939475000001,10.6034115,15.8602825,15.323681,16.5707825,26.6959,40.07059925,20.80564,12.532343000000001,20.588994999999997,306.0011525,81.660045,38.499629999999996,30.9921,37.912755,55.691275000000005,40.574725,44.0858975,172.82568250000003,35.404236749999995,28.6732175,24.12851375,145.37599,124.818065,217.4934,907.338225,522.459525,688.6709249999999
39.91666666908712,7.6071159999999995,10.36624875,32.656994749999996,132.27254499999998,121.25034250000002,87.63631000000001,96.7964925,171.3225375,185.73967249999998,289.849375,145.01648775,753.1132749999999,1073.9511750000001,235.514275,236.133225,371.84119999999996,196.33405,113.7370475,211.49015,91.99085,27.35871,17.28482,10.955639000000001,0.52716215,0.20326738725000001,2.7468552500000003,5.8298827499999994,22.658255,7.83750025,4.5490645,3.859495,4.1926685,14.0520975,229.61157500000002,42.16633,35.918285,257.50892749999997,85.74548,22.735945,17.11384,18.32577,15.985818250000001,7.820539999999999,10.251237,14.350927500000001,7.83767675,19.002475,36.487796,273.2673125,35.3092975,15.11400725,30.0338525,152.68156499999998,61.5556825,16.988445,47.473765,54.953972500000006,83.78894249999999,58.509082500000005,68.7334715,62.6897175,219.3983,88.43360000000001,36.602850000000004,22.864307500000002,27.7422275,63.918545,148.602665,322.411475,480.4435
39.900000002420455,10.579894750000001,7.1695037500000005,7.45128525,35.6894225,48.598847500000005,78.52053000000001,163.233275,65.2798525,216.76284250000003,97.435975,165.51421249999999,78.31791349999999,179.5897525,50.073769999999996,84.178995,256.798775,44.5346725,302.02964,296.178725,175.5255125,117.3179475,54.2652605,15.75910475,16.1945469,44.094921,23.00607325,45.591595,25.4207775,23.589087499999998,9.593028,3.7735557500000003,13.030101,16.61594875,13.240128499999999,13.95751225,15.399662500000002,28.5571325,18.486742500000002,36.085364999999996,12.376781999999999,21.8959325,14.699093999999999,4.696031,6.9836835,13.118804,28.736132500000004,26.2762525,46.34845,34.3169165,29.385642500000003,19.3174475,91.24399000000001,43.8373,17.4068365,58.549927499999995,78.4257725,60.3475275,48.730900000000005,21.8857085,20.59548025,186.5035325,285.47816,19.9848945,145.796695,131.57305,57.022302499999995,50.67831,62.06522,206.8175,248.267175
39.88333333575379,8.19611625,5.5498520000000005,10.31120425,37.2625125,23.0927825,18.09837,39.54306925,35.5183725,58.1208775,46.50863,19.5746525,22.0713425,31.89243,23.2942525,27.8703225,67.13267,38.229895,20.956175,36.4,68.6932675,47.891386749999995,42.4007175,16.522195749999998,5.73527275,9.787637,60.212050000000005,28.64471425,21.94442,29.11947,59.3611575,50.48908925,21.30751625,5.581116,9.153527749999999,37.437675,29.68516,85.5167675,23.680007500000002,13.89703,23.4790365,47.3585825,62.560722,19.43217975,13.73980675,26.1407175,33.522014999999996,18.280742500000002,37.813590000000005,67.6359675,69.4785825,30.9073775,122.30140999999999,197.48746,57.6366325,107.79816,65.1946575,82.58393749999999,46.542697499999996,137.70960250000002,214.52982500000002,50.2466625,54.4547225,71.4314975,139.320625,222.68017500000002,62.641415,34.264987500000004,37.9369325,162.2498475,86.40688
39.866666669087124,14.959221249999999,6.79106275,9.37432425,17.9187135,17.788353999999998,15.2363735,13.7555485,39.6259175,39.093905,26.1949525,24.459485,21.385825,42.937087500000004,65.5005025,31.418499999999998,26.504692499999997,23.069872500000002,71.737995,224.659,49.335311250000004,0.185359675,5.95892025,10.676354500000002,3.5776076249999997,4.618963882499999,7.25406975,9.299363249999999,9.190116249999999,19.506096749999998,26.503700000000002,49.941002499999996,47.12850075,29.457212500000004,8.64864175,24.0434265,33.587345,94.29129275,41.20032,10.90880375,18.8840565,9.92656275,46.74702625,29.35997,12.636605,21.0820525,13.7010625,21.4371,223.49655,188.12823000000003,173.075715,40.41309925,85.26451,148.104795,42.7554225,38.0711525,51.5133775,68.05202249999999,55.259365,39.9081825,444.504725,40.5352625,46.1739175,101.569305,250.7147,93.613325,36.2259625,54.7774025,81.84254,412.242175,178.75428
39.85000000242045,31.109161750000002,5.08634925,13.6647875,44.1669225,13.164125,24.52064,22.107734999999998,40.1044225,45.3056925,186.302325,34.449912499999996,16.647802249999998,23.990615,73.6718875,65.439685,19.4865675,22.909860000000002,23.269293,167.3847525,47.721874,3.6097350725,32.5038425,39.36683,49.26523075,8.626534125,2.4785461499999997,8.93983425,13.42330175,25.099975,35.210342,62.6697725,12.14213,33.9434525,32.443265,25.911459999999998,23.599249999999998,89.89335,151.3048225,92.41429,27.84249,16.2503325,37.7785,107.154385,24.52286,28.737775,43.4791675,116.6676275,217.26863749999998,553.78395,154.4808825,81.93511,106.72510249999999,99.59227000000001,52.4044875,48.74129,57.7957575,41.864847499999996,70.3587,68.12537,58.2257275,74.617875,69.3057925,67.729425,46.26189,43.197435,123.4697525,33.099595,41.4207575,299.22562500000004,144.03351750000002
39.833333335753785,6.426765,6.13322975,3.9152332499999996,16.53620625,26.900325,15.1421925,17.2917825,16.88483,16.1204,41.871285,33.4499075,23.16214,25.9444625,23.35778,16.5296175,42.4084775,18.7432665,185.6141325,302.53312500000004,18.446796,0.0,52.85121125,80.9010575,73.600655,6.017015000000001,3.35194675,8.889980000000001,14.808535,13.8029095,39.35841875,28.237567249999998,11.845924,14.034468,30.251815,89.830555,169.58117500000003,74.84190075000001,747.9696325,192.538585,33.6265025,23.72876375,31.999565249999996,14.875684999999999,11.316166,23.040125,36.5295,125.1989825,129.922075,123.50420500000001,21.666480000000004,6.566934249999999,51.0684325,55.61106,78.04501250000001,40.64222,32.4419,53.8638175,102.1818675,45.40891499999999,57.432765,68.18983750000001,96.79233500000001,48.077097499999994,15.103238249999999,31.5894425,33.3387475,23.4007425,19.7590925,61.0433475,74.4403975
39.81666666908712,9.2425825,7.37054775,7.3279255,34.8514725,38.8229975,50.030635,48.3321525,17.1099375,26.17069,42.491722499999995,41.615565000000004,30.8616025,15.8255375,15.054805,16.3419825,25.297645000000003,19.134245,81.0641325,69.27641,0.65167327125,0.0001444243,5.08090525,13.157062,29.5037375,0.15957225,6.173886,10.6042645,16.29081625,7.57901325,5.47792825,9.09110975,22.654809999999998,21.1710675,12.2053335,33.6430225,159.85239,194.07187750000003,997.5079999999999,110.00429474999999,59.97756,72.4858525,41.33045025,23.793329999999997,22.47352175,16.599204999999998,14.1475775,36.7537475,41.2719175,41.279669999999996,202.0599325,8.75273415,56.102513,295.4928975,219.07345250000003,10.877010250000001,28.372405500000003,59.7679425,116.75715,38.63565,31.559155,69.2362975,138.8117325,9.62244975,21.0236825,36.3499575,39.4954425,23.181597500000002,27.476965,33.5445225,69.984985
39.800000002420454,15.3530715,11.212985,35.86929075,43.8277975,59.7441925,129.34261,67.510225,100.2720675,41.25586,31.178307250000003,38.716405,43.588985,23.3671175,36.8721,25.2242325,20.244847,60.1110175,102.68743750000002,46.315532499999996,21.954900000000002,1.8426733524999999,0.2275434275,1.8531239250000002,3.77249425,2.7862412,6.29907925,8.4791,14.9211175,20.3108375,14.76913,17.78260025,23.795185,29.6484375,11.246849000000001,23.2102535,15.980620000000002,3.220886325,8.88556875,23.555974999999997,109.8971075,302.89762499999995,44.1198075,122.46821750000001,409.76835,25.507482500000002,18.738664999999997,20.838877500000002,41.69723,64.18238,341.8997,805.291175,981.55799,1501.6904,462.5880525,69.0979425,50.761959999999995,53.208135,43.491311249999995,15.329516357750002,23.216255,65.62821249999999,84.68789749999999,13.868643249999998,23.1582225,30.4158875,23.9045725,24.4075025,55.657062499999995,38.755685,27.054425000000002
39.78333333575379,30.0370025,21.841159249999997,40.9477275,25.756614999999996,89.4326875,59.71582,47.472805,510.2133,403.020225,71.982905,30.3244555,41.680557500000006,25.542140000000003,19.9867025,23.4596225,24.91907,86.536795,102.0384725,67.592955,47.052437499999996,12.0477475,0.42991751250000004,0.8052708749999999,0.9341828750000001,5.92730025,6.906447,5.92050225,6.896668,28.50026375,129.6240775,23.9202825,26.69803325,22.1332625,9.31491875,5.006213499999999,6.042520425,2.37487195,16.8388414,29.013939999999998,60.258272500000004,48.5064825,28.296474999999997,44.52917,20.0062425,38.66053,25.549115,31.328789999999998,13.5202215,231.2912375,157.2982945,191.33656925,365.10922500000004,1482.250875,790.261825,617.88725,122.10795,25.89227825,6.4056315,28.4553625,42.1941975,42.25076249999999,38.97184,26.63845,20.2876475,17.6480975,14.065365,31.245862499999998,535.20725,68.62905,31.4788
39.766666669087115,19.304517500000003,20.674992500000002,88.19475249999999,45.4906025,35.58462,24.732777499999997,204.6719525,172.61979000000002,62.50138,41.8772125,44.0899575,72.5057175,25.078474999999997,46.8284675,66.86349,21.759857500000003,76.2530375,71.14559500000001,54.508545,67.50193,45.185959999999994,41.31027025,1.256001925,3.201957565,6.32092275,5.6931555,9.816742000000001,34.4689075,167.5439,147.8557625,18.226457500000002,23.840925,16.5607705,17.848577499999998,10.84606475,29.244315,60.442665000000005,34.54502,11.632009499999999,12.87787,18.787010000000002,39.788255,26.8479425,19.88149,22.5919575,14.478975499999999,27.392002499999997,13.8848475,29.021371000000002,44.102255,17.528838999999998,110.093425,172.78052250000002,372.85757500000005,733.337225,89.6220875,22.441427500000003,39.841255000000004,55.178037499999995,38.0873625,34.168392499999996,24.855685,28.4619825,18.49585,16.5729925,16.887702500000003,49.4002975,34.887254999999996,21.784355,55.311589999999995
39.75000000242045,25.985727500000003,18.01918775,32.6106275,36.87728,54.9900475,103.12418249999999,115.70450249999999,19.92294975,15.4648525,38.9631725,33.226577500000005,27.50211,38.315115000000006,109.24785499999999,101.30400999999999,218.01911750000002,1576.91605,695.05465,233.51442500000002,45.4411725,162.07577,100.81638749999999,4.4794125000000005,13.382043499999998,19.8587325,37.694395,22.003345,77.342975,111.61499,44.084297500000005,18.675587,28.877337500000003,19.286906000000002,17.2557125,24.846065,53.624934999999994,18.897655,27.43113,26.6498,16.0566775,23.311837500000003,26.977397500000002,15.443002500000002,33.3130275,55.30076,111.4711525,147.6835825,112.77063749999999,17.05263825,34.286545000000004,15.13691375,27.683815025,125.517765,400.903325,198.27685,80.6110875,76.66505000000001,67.43420499999999,84.1883425,39.5458925,48.38202,34.301925,42.621685,42.7195675,27.3170625,27.1632075,33.478195,23.813425,23.5941125,105.36967250000001
39.733333335753784,20.763810749999998,30.4246775,45.2838275,39.5395475,52.91833749999999,104.46197749999999,35.928785000000005,160.31211249999998,173.84195499999998,56.15254,25.118439249999998,40.636902500000005,33.6513025,22.2430875,34.8107425,107.7533725,292.53484625000004,119.760445,457.008375,191.09650249999999,113.80298,132.356335,62.366372500000004,32.530611,22.844367750000004,35.218067500000004,48.4317825,114.93449749999999,173.10204,41.9737325,5.62494,18.21729,28.530495,15.7631125,22.807845,17.2773825,14.0690475,13.62268075,23.537867499999997,20.212564999999998,31.525755,17.99710125,26.696958,47.0892825,70.9364775,431.62379999999996,680.514175,83.48955,63.040957500000005,70.9227525,67.7518175,39.4073505,20.303124750000002,82.3840525,121.4307725,100.6324875,31.4856025,49.15356,40.789145,37.150005,44.12676,30.460117500000003,29.812165,25.2002825,22.6311375,25.74642,22.517935,22.207814999999997,31.2279475,524.950925
39.71666666908712,13.032610250000001,20.740022500000002,37.6110975,55.6333075,65.77601999999999,38.659732500000004,36.607395000000004,113.61527000000001,269.55152499999997,18.3262335,12.58145425,36.313599749999995,16.0513325,32.7327875,21.8198225,18.702403,15.546237,19.557895000000002,14.5716275,69.99754499999999,285.351925,68.0294575,141.057085,244.24495000000002,12.739984,16.8621295,7.197733749999999,8.124306,126.2809375,85.64285000000001,30.497307499999998,27.9895475,13.22702,23.33566,8.29876425,8.69232825,7.3147445,26.5657755,33.719565,22.5058075,28.663980000000002,34.3595175,36.9140275,39.706545000000006,52.68734,49.84339,26.593722500000002,75.821685,37.38321,23.9159975,58.7939675,47.57494750000001,30.481044250000004,33.2753525,15.575174749999999,46.4388775,90.0876625,56.013205,21.263505,42.680400000000006,56.23189,25.876440000000002,33.6340175,42.748165,33.317614999999996,48.1839275,20.235225,28.129072500000003,44.1783925,362.61305
39.70000000242045,23.9458925,47.8246025,40.46107,32.28107,74.19681499999999,54.425415,119.59287499999999,17.467658299999997,137.9548875,19.4196125,47.46785,14.128115000000001,11.91475,26.166835,43.3015475,16.2497165,13.6571235,52.529732499999994,19.2856775,27.3411585,36.67482725,100.20974,148.30496,46.253815,40.0045025,13.494765000000001,15.586105,9.7547315,8.012305,20.20721,29.86048,436.488825,256.6964825,12.23676775,6.17578775,11.2306915,11.6191955,5.8158959999999995,21.833505000000002,36.9315925,10.361391,10.249415249999998,11.7413275,9.330623,12.100202750000001,47.515415000000004,25.741149999999998,29.919439999999998,18.6845825,24.9438,33.589104999999996,46.07795,45.9375925,55.515910000000005,29.1301275,54.61079,68.839325,46.211797499999996,33.7335725,47.0124725,57.762587499999995,43.1817925,45.088342499999996,49.176402499999995,43.4918265,39.5246975,22.7099775,20.7378525,32.219719999999995,39.725425
39.68333333575379,24.017395,60.4319,59.2939175,59.91876500000001,69.86777000000001,60.75926,394.16022499999997,240.35088249999998,446.9825,328.96605,169.6661525,20.77673,33.463415,37.13429,90.38244750000001,28.379625,18.493447500000002,45.51692,28.115292500000002,18.61243625,6.6423957499999995,25.5081925,23.89463,9.418887999999999,31.98025,12.3757725,8.5649315,27.29419975,47.123605,61.6445625,137.5485675,71.81179499999999,9.4378685,7.02831725,11.33773725,14.154762250000001,8.982676999999999,13.465208,27.7008375,24.476815000000002,21.4530925,13.7267675,23.5328725,17.7231975,18.722080000000002,17.854952500000003,16.8980175,14.8358175,31.4781575,61.369744999999995,51.8584875,31.005587499999997,50.0538025,69.07903999999999,27.780512499999997,34.320875,45.0371475,58.7429775,90.2479425,72.874245,57.388887499999996,39.3566425,47.0927,21.972310750000002,14.796404,31.912925,18.316085,18.62409,51.596639999999994,35.322599999999994
39.66666666908712,21.7398825,50.0333975,58.9281825,98.9712425,25.304882499999998,24.733169999999998,126.35746,222.03506499999997,332.396125,454.286375,119.94764525,36.294512499999996,29.046097500000002,56.8698275,41.5967275,28.2721575,20.1425375,62.015885,66.6301675,17.19763425,7.09251925,16.63812275,6.1154361,16.80204175,17.47150275,10.26206,10.356811,17.33466,25.330087499999998,51.762365,97.26709175,14.0676245,7.53032,9.44742325,16.776325,10.21542325,9.2978005,13.550709999999999,24.7389075,25.8154825,22.9700775,40.4762725,38.3827465,15.10312575,19.537844999999997,28.9762375,28.48893,27.08681,42.95655,72.68871,60.952372499999996,21.0799625,19.09427,33.736892499999996,19.388265,37.851865000000004,47.9939375,266.116185,110.858705,49.2756025,52.97084749999999,33.13614,60.2809575,58.299595000000004,42.451955,13.49212325,28.8128125,44.20595,50.828395,31.1976975
39.650000002420455,67.94925749999999,101.618315,49.84751,51.8377875,13.2736675,186.2399725,274.46637499999997,1018.983925,926.063125,1039.7185749999999,80.56150000000001,43.3783075,42.4077975,35.68126,13.34147675,35.941835,539.1342500000001,239.84041249999999,19.73095325,10.3023095,20.9126625,16.79614075,0.18507525,2.2408843117,3.0754186,15.0860175,15.145150000000001,16.8152075,28.274134999999998,33.605615,25.23001225,19.41219,10.95761975,9.93835625,14.1815675,9.12885625,8.01091525,13.6629725,14.556785,13.1797935,158.98164250000002,909.02905,131.63880250000003,13.552682,14.405687250000001,15.593837500000001,32.248644999999996,21.877947499999998,23.667142499999997,34.7189,66.416675,14.785122,6.818221,10.3823605,26.4735975,16.8199975,31.201527499999997,256.06142750000004,425.84114999999997,29.59694,51.589574999999996,52.4144875,64.7064025,33.7094825,33.745745,16.32822925,18.8883075,36.349985000000004,60.961785,112.56155000000001
39.63333333575378,29.001595000000002,40.1020525,187.85527249999998,121.7625475,14.52197175,128.091253825,169.39805,1434.3981749999998,2098.2572499999997,977.0517500000001,234.13235,169.48435,236.74218000000002,56.8785775,31.65956,243.37107500000002,114.60829749999999,90.84571749999999,20.31802,15.8477075,24.2250925,52.67966750000001,20.8127855,0.0069132325,0.42654363625,3.0983801,133.70376925,80.6404575,15.752189999999999,18.2588535,11.644097,11.918652250000001,16.67042,9.919348500000002,11.59358525,6.170089000000001,10.55837,16.724917500000004,20.650119999999998,20.382215,13.9627065,337.6327525,174.14368000000002,26.5644735,18.446378250000002,35.1434175,32.9197825,30.9789725,48.28778,43.166295,62.26866,31.032645000000002,46.32807,20.864977500000002,14.1058175,23.4497,50.6187925,170.37762750000002,213.22475,87.233055,57.9089675,99.26397,46.7009525,59.7062825,27.884842499999998,9.94747075,3.9844980000000003,5.052782575,42.362525000000005,54.6925675
39.61666666908712,70.45617,17.1488325,43.52278,23.72172725,236.44536250000002,404.23891025,647.304425,801.5986499999999,552.7073250000001,409.69202450000006,323.00305000000003,564.247425,442.06901750000003,59.6262525,22.135440000000003,37.954641499999994,43.54275,14.81801,17.5661175,27.94057,28.1932475,26.290889999999997,8.94025175,0.371282125,0.30443345,25.52368474,393.596645,535.74365,45.412015,10.9013125,12.636640750000002,11.113117,18.421525,15.979800000000001,8.11526325,15.032717000000002,20.99908,16.3104975,7.0092975,9.0207205,14.239239999999999,16.201871,20.67886,20.744005,33.1951975,52.4969225,31.066225000000003,51.3416225,58.197224999999996,49.430605,39.44896249999999,67.637995,27.004224999999998,17.6896075,28.898850000000003,47.4875275,79.26407,79.5790875,26.586855,76.82342750000001,353.84486749999996,158.62505,52.293252499999994,33.6176275,29.02488,23.9026675,11.09800975,10.6918215,11.059962500000001,40.0599
39.60000000242045,104.58683275,58.4004925,307.4670425,373.47589999999997,437.4063,486.49309000000005,507.76535749999994,106.37160999999999,276.266285,246.339395,473.388775,153.57359250000002,113.640775,24.302262499999998,65.82859,61.126965,12.762289249999998,19.16345,36.38467,30.878895,22.0732,25.1008275,18.163214,3.12610175,2.715408,32.229753249999995,124.282465,382.2725625,89.37572075,9.770089500000001,19.9931375,14.168769500000002,36.7648425,14.0064875,15.668557499999999,32.8398825,12.771265,35.9934875,11.2442265,16.68928,8.9783725,15.9567025,15.814115000000001,16.9447225,29.165155,25.3240025,30.604625,67.65830249999999,38.7342325,72.11149999999999,48.12768,37.495796999999996,44.178065000000004,37.882720000000006,80.7821425,71.5692,59.788867499999995,36.554175,68.347725,189.4759475,690.3757499999999,177.72502000000003,31.155952499999998,25.6019225,15.499279999999999,18.5889935,25.493199999999998,23.977159999999998,33.9597375,10.15163375
39.583333335753785,183.4397325,38.84574,325.2187275,30.42679125,40.557092499999996,38.37522250000001,121.50394,307.646475,113.9655025,48.711254999999994,35.004602500000004,59.5392775,40.2872725,15.487404999999999,61.9977175,48.43749125,5.6358999999999995,20.970685,42.8713875,25.805210000000002,11.052282,15.56153675,9.8026505,2.59802175,3.6292375,51.6577795,58.11298,23.534225,15.61224925,7.41796325,11.2712155,14.456685,20.80771025,11.03073175,19.3965475,13.538749999999999,18.70236,28.145995,30.44122,21.846095,24.0613825,28.7602625,51.761385,33.795370000000005,57.0182475,36.4915625,43.6231175,39.7154375,54.719415,341.89486999999997,382.02135,597.2082,475.38667499999997,112.559935,200.367975,84.4164325,60.934505,46.867435,41.7074075,137.6908625,223.78840125,328.479673,20.11986,20.8546725,12.968074499999998,29.33947325,34.02482,50.33185,45.205845,38.7949775
39.56666666908712,165.5289725,65.309733,25.0878125,38.368505,19.74402475,45.7467525,86.9966025,205.5088,74.6919225,33.42246,45.608599999999996,39.5155475,73.20257,57.831900000000005,60.8213375,17.30344175,9.262651,22.57574,41.0088075,21.662045,9.870692250000001,7.120601,0.873312268,1.7561639000000002,5.6069277500000005,27.7239225,13.0608525,5.1807935,21.202717500000002,27.373512500000004,16.19130875,5.784846,14.67921675,28.962274999999998,26.65118,40.749365,21.6225675,14.1430925,16.0121205,23.7797675,162.33956999999998,75.0155225,41.5571425,30.602655,34.200607500000004,8.7160575,20.5640175,15.316375,56.140055,482.035225,846.8777499999999,1263.3989000000001,384.3778315,82.42043,91.01149500000001,40.07586,74.0687875,140.4841675,78.7743325,45.622457499999996,71.32276999999999,32.7271675,30.36245,16.113860000000003,19.014317499999997,26.1338675,28.1223075,35.486645,31.697464999999998,22.374699999999997
39.55000000242045,27.4708725,22.773595,11.15904375,81.8810875,7.375396,37.131015000000005,38.2497625,215.74361,1315.8428,26.624209999999998,50.7172575,42.580569999999994,65.21551,82.67308249999999,66.394305,6.05680075,20.2890175,22.80316,20.870465000000003,14.360982499999999,18.3052225,20.403298500000002,0.3176908175,1.435517,11.0830075,25.118975000000002,25.027699499999997,7.4002405,15.270396999999999,28.1707375,12.301488500000001,17.61881,36.6190975,34.622902499999995,26.2929025,35.85219,23.53832,24.540925,58.78192,28.766352500000004,37.65312900000001,23.93846875,13.455960750000001,28.9834575,8.872335,17.182927499999998,30.31424275,12.85133025,141.3051525,316.12891249999996,91.61131499999999,476.9824175,632.2143,180.20663000000002,43.242059999999995,19.5054725,58.6792525,70.08464749999999,39.3665625,48.86986,28.065167499999998,54.1664625,28.856495000000002,15.105270999999998,5.788428,12.332322000000001,28.809127500000002,26.2052325,34.013385,22.53239
39.53333333575378,26.0747325,38.22541,35.16657,41.9651425,20.978975,48.404855,78.32409000000001,94.646245,54.586592499999995,25.551160000000003,21.821885,25.898705,105.66208499999999,36.730564,20.478244450000002,28.5928215,36.314027499999995,16.7893575,17.5414475,27.953465,19.2391675,17.8381315,3.9304927249999997,4.933798299999999,15.125585,37.997315,60.338418749999995,21.488995000000003,22.845575,13.254561250000002,17.143258000000003,31.02578,114.24762525000001,63.331215,22.387147499999998,14.5631775,14.974342499999999,32.378,17.706022500000003,18.0360005,6.087659499999999,14.914238,17.773635000000002,14.8775335,168.15164025,223.2943575,20.5930775,17.381935,38.5377035,105.8763675,87.42032499999999,388.922525,233.920825,143.85037499999999,97.8743475,72.73267750000001,100.1066675,95.18840499999999,56.1547325,27.44072,43.7766225,71.1344475,21.926541,32.9502675,15.608980500000001,6.453056,12.49728075,21.569211250000002,34.741065,25.2012225
39.516666669087115,17.052395,17.8862775,36.892035,32.468865,17.3070025,19.596951,131.83427749999998,27.03214925,14.34261175,37.3101525,30.479622499999998,126.3407075,172.70520249999998,33.9743625,8.79780575,26.119771749999998,62.6354225,41.74944,34.2276875,52.9499225,20.151275000000002,25.1041325,10.413487750000002,9.759217249999999,40.688317500000004,92.18736,39.006074999999996,24.3118875,17.8231675,22.1618,25.53471,32.5582,140.04017249999998,24.355264,23.045805,25.000725,20.49307,31.479847499999998,22.2061825,24.147090249999998,8.27524475,5.70880575,14.969175,23.265299999999996,30.2435975,11.759955000000001,15.3335425,21.228,60.9413475,88.61443750000001,56.00996,71.553195,53.839675,78.58238,99.98750749999999,122.55114499999999,215.0359,174.28607499999998,102.2942225,86.15552500000001,31.815240000000003,32.0466625,25.915792500000002,20.322274999999998,14.013548,9.3493455,7.620537000000001,11.8231755,29.178109999999997,38.973564999999994
39.50000000242045,31.3861975,20.3681525,16.5364475,30.149182500000002,25.064085,30.9007075,31.3775925,6.3203205,14.184954,12.6292495,14.114315000000001,149.4531625,409.8528,19.723930000000003,13.312964249999999,21.731205000000003,46.53882275,355.714875,53.059200000000004,47.218334999999996,26.9036875,27.1154925,26.1739275,28.6680275,32.4481875,109.59584749999999,19.280942500000002,30.6964,20.32801,29.687890000000003,11.66841925,7.712896,12.04601225,11.6591845,21.214554999999997,38.6129275,8.31004825,14.666440000000001,12.765597249999999,16.334524000000002,10.10552575,12.11190525,18.5907875,23.0296375,19.0303775,19.123192500000002,40.27901,56.32628750000001,35.51485,40.966477499999996,56.780257500000005,77.93699749999999,40.145275,132.24304999999998,80.8268975,111.66360499999999,175.181425,129.0219375,101.5114925,102.2213275,43.842777500000004,32.07937,18.3637825,18.276645000000002,9.8179685,9.770873,10.7514055,17.823035,17.15062,39.0714275
39.483333335753784,30.4067575,29.055867499999998,38.3333825,26.7645575,22.081355000000002,36.298245,14.847238999999998,12.8421125,25.728605,144.4421375,35.5316525,99.914889,55.565417499999995,44.180735,19.80385,16.9000725,14.15700225,28.5126295,23.011612500000002,55.260752499999995,13.705016749999999,20.045785000000002,22.389995,32.351345,48.67393249999999,44.6513475,63.49331,24.06241825,37.8182075,44.721312499999996,629.1237575,520.2155075000001,16.988634750000003,31.627164999999998,40.8866175,70.5826,85.302308,47.09505,32.074285,26.65359,17.615745,16.451565000000002,23.912674999999997,19.2194425,27.027099999999997,51.01925,66.7388625,50.115035,20.939373000000003,21.453107000000003,28.6191025,38.16414,34.886295000000004,181.45350000000002,112.74516750000001,235.354025,171.236775,115.117585,76.31562249999999,39.34532,32.2155825,75.76353,23.813055249999998,19.729299499999996,8.46204325,5.31111725,27.91017875,64.26866,85.28803500000001,30.2694175
39.46666666908712,20.169587500000002,16.301859999999998,17.2822325,26.652052500000003,37.268699999999995,27.961482500000002,13.99810875,3.3689877499999996,37.143589999999996,195.04078249999998,30.96499275,32.024655,55.58409,33.2774625,22.5517275,20.6359475,50.70372,49.190807500000005,64.922985,44.5229225,58.27059500000001,30.87496,27.5403225,125.9684625,80.74282249999999,123.6571575,145.245,119.11718450000001,17.4223575,234.8903975,224.63109400000002,156.70118775,31.924645,24.889295,42.129725,19.112232499999998,42.0429125,34.999535,20.92008925,29.859835,39.158640000000005,24.171075,27.336765,41.638602500000005,93.9734325,79.62382249999999,84.05788,69.1107575,47.672732499999995,80.1013825,38.414825,36.422497500000006,36.3359325,136.500675,146.72184249999998,83.7093775,104.6994675,46.3701475,41.85373,74.89991500000001,47.89792,464.06616499999996,427.9968,256.5529,113.05621000000001,30.544652499999998,61.44891750000001,122.08852499999999,183.38065,123.91561999999999
39.45000000242045,30.60822,23.000642499999998,29.297214999999998,34.0836125,17.0681425,37.707034,245.47224,5.3591860250000005,21.274070000000002,44.433279999999996,30.152715000000004,44.618755,22.00973,17.78152,9.16635025,36.15941,34.678852500000005,36.025932499999996,50.1175675,40.3859625,71.70498,34.1256575,39.416375,91.79505750000001,639.3298749999999,486.9185,878.939075,504.30435,822.05045,317.4021375,109.81784675,29.931115,104.8112675,50.025257499999995,44.143852499999994,12.7502115,21.1566925,8.079428499999999,12.53775125,17.4267225,22.23789,29.773252499999998,26.688879999999997,25.522060000000003,48.324815,72.14225,103.53554500000001,109.68295499999999,116.93160499999999,69.01435749999999,47.497217500000005,82.310735,117.3109025,62.685770000000005,99.91343499999999,84.0016,60.1036725,29.86027,14.5555105,43.463074999999996,79.57509,345.79679250000004,1316.460825,1539.99575,594.6240750000001,241.57715000000002,165.666925,138.686475,188.63775,140.459275
39.43333333575379,76.632475,93.92424,494.4967075,97.18508,14.63015125,38.691584999999996,58.0804275,26.5663275,33.4799725,32.5141075,49.92659,43.470965750000005,20.766565,20.182479999999998,16.002810250000003,19.496052499999998,31.57773,100.53065,427.81175,294.875975,228.32940000000002,100.79042,110.4832075,153.3003975,565.39094125,671.3206749999999,738.0807950000001,371.723065,359.75476875,338.77464,10.4653125,13.802335,44.6953575,45.9445925,91.59765250000001,27.128212500000004,17.266355,14.378574,13.627952500000001,20.5909275,31.381945,50.8052725,46.8191275,40.5067425,38.25569,123.52709250000001,152.0308425,31.8418325,84.7095175,53.5767575,40.1230775,65.31337,52.9300675,59.6910075,83.54115250000001,87.43427750000001,36.6879175,18.385930600000002,40.8893275,57.1010825,94.33272,294.97397,1034.8535,1979.5212499999998,547.8212375,110.16176749999998,63.5492325,64.93095249999999,179.325,117.673525
39.416666669087114,66.52804750000001,86.1206675,164.3627975,205.9571225,27.1981075,22.5306675,17.8838,31.3326725,21.25786,16.468808,68.5512125,38.3681275,19.381504999999997,24.980805,27.7539175,22.634282499999998,59.905527500000005,16.5066075,21.90386,130.2795725,494.3655,207.248225,88.5490575,921.9855,1590.4961749999998,897.53665,1464.17825,942.740925,145.31955675,31.484540225,17.5849675,111.76698999999999,215.28090250000002,452.310975,249.22915,97.30087675,32.93982,13.591910500000001,17.3740915,22.605159999999998,30.6272525,26.7486,37.08799,58.592515,90.545595,61.979200000000006,100.5894825,33.27721,106.6321925,82.2533625,72.7165525,72.1055425,164.793545,273.71875,286.90545,157.778145,153.8172,35.2904485,28.772254,33.2766675,42.506265,141.0296675,163.0267575,768.834225,1749.11575,272.12937750000003,61.1142725,116.6429975,118.0611,95.83389
39.40000000242045,25.956345,40.76902749999999,64.54135249999999,28.639105,32.5919325,26.249112500000003,17.95033,34.059695,31.847175,29.9060825,16.7883925,38.68392,38.3224525,24.473402500000002,18.73364,43.6461925,40.809765,15.710179499999999,41.41869,13.28930725,49.93118,145.94757500000003,55.927707500000004,585.6077,1665.5137799999998,811.096475,1160.4862749999998,336.140335,68.02990075,61.950001074999996,649.4123675,593.699675,199.91653250000002,435.9512,106.63859000000001,24.44351,78.9706825,20.631205,53.03583499999999,70.5800725,62.76728249999999,24.7124525,80.242445,132.80990000000003,90.3002425,108.18787,30.574765,53.743975,119.6839475,102.24737,107.5770725,112.0795825,99.0381625,757.184175,445.666575,225.347225,385.03172500000005,143.4866675,23.932491499999998,24.85573025,25.803897499999998,30.65315,972.16855,974.457775,285.1879065,413.9432275,485.862025,105.85655750000001,173.0648625,159.84471
39.38333333575378,15.53221175,28.3887225,16.47987475,20.1048875,19.6421625,20.7619475,32.22344,26.8212625,56.1224225,21.62469,18.5302925,28.137572499999997,16.41161675,44.442597500000005,15.324235000000002,30.8306375,26.39281,11.776407,24.5027475,16.3834965,98.69642750000001,115.5229875,52.540075,41.14944975,685.8152175,1358.132,477.8513765,14.93899675,103.25694,165.098835,195.7783075,103.778235,102.3791775,369.6512,305.847355,147.3480275,123.91593999999999,150.14192500000001,41.4449125,64.521265,112.17963749999998,94.39981499999999,364.35337499999997,86.327305,77.57612499999999,53.2958,20.74383925,61.7751575,77.56138750000001,84.39903,92.197815,107.4786175,113.24628249999999,340.99917500000004,537.22425,788.9419499999999,478.91657499999997,41.4715375,11.933585,34.6100975,88.5237625,254.0078625,1302.5195,1505.788675,863.616225,371.779055,980.9382249999999,614.2650249999999,426.90882500000004,340.21025
39.36666666908712,8.47000775,23.634839999999997,39.7829275,32.04406,29.5739225,28.59872,33.01972025,53.28338000000001,31.393720000000002,15.1170625,48.69578,25.452036250000003,14.4433225,7.8310565,8.57591275,13.775024,16.95836,10.54376,46.8043775,167.71107999999998,74.1115225,105.75179500000002,48.0990825,31.1959025,169.5720425,1427.17085,276.522745,39.7629864,7.57682275,29.0496275,36.7887675,48.19256,183.9616525,50.0369725,24.528979999999997,63.95742249999999,67.19937375,154.571775,34.65761475,47.017022499999996,243.82417750000002,755.86285,472.59872500000006,345.519345,123.28844749999999,47.265662500000005,57.735555000000005,80.58117999999999,67.455825,48.8081025,86.0940325,176.531,679.001475,517.9132500000001,28.938428175,344.54447500000003,160.50097499999998,28.7296725,21.333019999999998,20.68614,52.37769,427.50947500000007,1342.653075,1099.08205,1441.86775,991.049225,678.2313750000001,944.82105,641.367875,1610.205825
39.35000000242045,102.1732275,105.365295,20.323175,39.3893425,28.377660000000002,95.497595,88.4530025,13.83669975,12.121353500000001,32.0534075,47.01784,13.9461175,11.7813175,5.4791015000000005,7.48106925,25.129226250000002,14.53174,41.090315,140.4019475,236.0905825,71.85952,26.241302500000003,34.0851525,43.84943,25.735462249999998,91.24405,97.27595124999999,5.036213575,71.942085,37.703055000000006,37.228500749999995,16.4269775,48.018302500000004,12.016499,17.12681375,83.85979750000001,174.17467499999998,156.729275,214.296225,156.031705,158.09519999999998,138.99818,183.5097,91.38832000000001,60.074124999999995,41.021910000000005,51.1115,85.52014499999999,53.07594,21.25439,43.54181,91.14729,135.015535,117.14644999999999,34.66297275,35.639269999999996,32.910070250000004,25.90235,10.69956075,45.7852725,44.047635,246.251625,205.87047,259.35355,1136.5619,1893.9764999999998,1330.519675,1021.2271499999999,1883.091,2145.5674500000005
39.33333333575378,57.75862,12.054011249999999,62.2951275,206.493625,104.5384375,82.925375,10.442387750000002,14.580783499999999,11.25943,34.956525,49.3898375,33.962382500000004,30.904780000000002,61.98665025,51.8277925,6.03292475,16.75971275,43.1268075,63.26901000000001,20.5335175,41.506275,13.79206975,20.900361750000002,5.327998125000001,5.6864325000000004,31.966086750000002,13.24202775,23.4103575,34.00105,89.627455,654.9523,889.3563750000001,73.0159825,13.173256250000001,22.854235,137.384065,206.5665,166.7919,104.6431075,233.8464675,56.606007500000004,21.323095,36.249030000000005,47.248,89.9756625,112.09104250000001,91.452365,62.77718999999999,54.116045,45.62858249999999,40.3100075,45.972175,51.0876375,45.867175,68.67748999999999,66.5507225,23.686902250000003,50.347182499999995,17.342675,52.546164999999995,94.57868249999999,78.830905,55.6857075,43.84257,121.80012250000001,590.2100499999999,1208.47255,1591.79325,942.2899249999999,1226.6942
39.31666666908711,119.41123250000001,271.4062025,58.3633675,115.96579249999999,72.29638750000001,59.353829999999995,309.54177500000003,55.841629250000004,21.86455475,47.821108499999994,13.5190555,36.0022005,102.5836925,167.6580925,540.1399250000001,112.30650000000001,37.87422024999999,46.1630125,23.5597025,13.9617675,53.480015,6.782132000000001,7.0625304,3.5249223999999995,9.772356,172.62455250000002,66.49442725,51.62262750000001,38.332597500000006,87.635425,385.88266275,116.88584500000002,18.09605625,43.87012,161.609725,206.571425,153.40283499999998,132.5800475,62.846162500000005,44.44887,23.679197000000002,14.193103999999998,49.535372499999994,42.9950025,38.2504125,43.4789825,58.307585,69.11028,70.659495,111.81072250000001,81.4211425,72.51119,47.981925000000004,56.432792500000005,51.091252499999996,76.0696325,65.155815,73.38219000000001,106.6587325,75.71441250000001,130.243745,21.0758725,52.61091999999999,76.8593525,145.648985,1602.1515749999999,496.92814999999996,1578.9285,1103.572975,1350.827925
39.30000000242045,276.1352775,379.23275,115.6556875,26.84711425,23.542807500000002,33.034295,58.62387,16.464222499999998,19.2292675,11.4920625,24.1179675,21.109022500000002,14.736798499999999,312.0635815,392.279205,37.433037750000004,0.533800025,5.09542575,55.161515,21.1069775,30.95128725,21.9449525,165.465285,381.09637499999997,26.58765,4.93895455,16.7922005,59.021435,74.82061250000001,47.5516,7.26278375,25.9837725,24.794479000000003,77.64389,222.711975,91.34576,54.820015,32.5187925,29.323905,51.858905,67.8752475,28.6054275,23.854169999999996,39.6598125,42.941832500000004,35.4127,47.2607625,50.464255,41.9131275,66.61100250000001,72.2024775,61.1898525,27.998725,30.892157500000003,86.32231999999999,100.8096525,75.2599275,215.901265,738.0238,363.689425,474.103475,320.47652500000004,337.27985,149.6798175,582.2302549999999,1483.551725,582.1630925000001,588.879725,760.857475,737.3649
39.28333333575378,582.9966,152.23955999999998,86.16613749999999,13.270348425,78.99867749999999,150.883735,32.4593725,11.407902499999999,12.39462,13.465422499999999,14.202729999999999,28.293219999999998,40.4393575,57.3828425,62.610905,36.7532125,31.0365475,14.608833,1.958604325,33.167824249999995,12.412350750000002,12.76974175,27.4755635,26.858537249999998,9.90789075,3.51320525,12.064250999999999,10.60200975,3.11767725,13.242567999999999,16.69254625,23.186050750000003,78.14844000000001,84.2181925,52.739875,37.1425975,22.1700625,64.0168725,93.33030249999999,320.7055,80.1896725,37.178760000000004,19.833239999999996,42.75789,47.100885,46.792177499999994,52.123745,100.25986499999999,34.574227500000006,76.59996000000001,81.6054225,148.9961675,59.844065,60.26437,82.7831125,136.790275,114.37445,145.851475,449.3464725,412.92087499999997,519.42085,477.16022499999997,1256.565625,799.95965,220.6945,860.063025,1161.669725,1218.4619750000002,2599.75075,1288.050125
39.266666669087115,461.5173875,42.74895825,7.52603775,3.8278482499999997,91.9948325,134.44957,20.450825000000002,11.680052,6.785705500000001,12.680095,26.544520000000002,35.695679999999996,102.2710125,332.4941725,30.93423,35.034475,42.5595275,34.55334,17.125751,324.5291975,19.5748245,13.088392500000001,9.074468500000002,9.18326225,7.266871,3.10023375,5.344029,3.4335932500000004,1.4768240000000001,3.06299875,23.848005,21.464105,34.9092525,19.741647,13.408349999999999,5.99835375,12.723858499999999,62.115635,556.0437824999999,445.11697,125.58760000000001,111.4708975,31.0521,14.51636825,8.3207185,21.91959325,25.835812499999996,60.6092775,73.0442375,118.93565,142.502475,171.91948250000002,127.98728249999999,145.101475,116.3296675,121.89146249999999,81.6963125,41.873292500000005,31.517942249999997,647.934325,539.8618999999999,826.39965,858.775125,624.011675,439.79055,986.6769750000001,1167.07205,1120.0593250000002,1857.6275,2254.518
39.25000000242045,64.9286425,52.260357500000005,13.029835,11.83919575,63.061432499999995,35.229525,15.1805275,17.0363575,7.99541475,15.1045025,25.045025000000003,43.7872675,45.0667525,34.205574999999996,39.034625000000005,24.322225000000003,44.0142775,26.336534999999998,35.15975,12.372225,3.8137540000000003,1.99384925,5.618915250000001,7.894898250000001,8.82075775,5.0492925,7.57780925,3.0580214999999997,7.26597325,13.088605000000001,15.997045,18.7953925,23.425037500000002,18.451385000000002,11.603551,20.70544425,28.525035000000003,239.10537,589.0532000000001,596.6894,155.2566,163.98576500000001,62.4697325,19.4870205,7.76772325,4.13636375,6.678895000000001,8.831337000000001,40.764072500000005,52.155291250000005,104.0891875,113.33001749999998,104.3001325,93.891535,72.62218250000001,35.9963125,58.421295,26.5199225,53.810247000000004,551.09065,613.5102750000001,562.812525,435.30615000000006,474.607775,395.53020000000004,137.19616000000002,367.267975,628.89905,763.0533250000001,2264.569
39.233333335753784,50.139784999999996,33.396795,16.971135,96.7081475,89.6568675,20.8136775,16.309595,18.058322500000003,15.3216,17.828105,22.934205000000002,41.185432500000005,43.729955000000004,31.427239999999998,28.918395,9.922638,10.411867874999999,30.571585,41.4951225,25.646037500000002,10.58960675,95.10261249999999,10.791800250000001,3.1018681399999997,5.526950000000001,5.81709625,7.340421749999999,9.28342275,7.460119499999999,8.457794999999999,12.752313500000001,30.791955,37.30706,169.1541,462.040225,1153.810025,629.349425,187.19815,286.2314925,293.455325,207.7860675,40.457285,29.4557775,16.711170000000003,13.073879250000001,7.491395,10.08163325,20.1878125,19.18468925,32.63692475,93.30770749999999,83.3994175,90.769415,60.62956500000001,55.375532500000006,46.92176,67.24770000000001,110.54007,139.01442500000002,260.13628,632.9489750000001,727.463625,991.4875999999999,545.2782,632.892425,154.12755249999998,116.5073225,227.09156,238.95866750000002,1415.88725
39.21666666908712,44.43806,32.712262499999994,73.45938,245.832,55.1895475,15.637154999999998,16.485409999999998,18.476039999999998,11.22354775,21.51034,34.263217499999996,46.9312275,33.473774999999996,25.2230825,20.210974999999998,13.380817500000001,12.329583249999999,22.3379425,43.5996,22.40619875,15.340424,31.6445875,21.817239999999998,14.411679750000001,2.37782329,13.227333999999999,30.498694999999998,10.5131355,35.077705,21.479912499999998,14.633672500000001,24.962667500000002,26.156660000000002,8.3899535,17.67646825,435.509675,209.89032500000002,46.055347499999996,41.840107499999995,76.90168750000001,158.220425,23.78749,22.6710075,44.4563975,65.074845,25.6252275,25.219715,33.624575,52.2808125,29.269525,67.32233,87.08924999999999,134.97921000000002,72.71411,41.5298425,120.49389000000001,122.98516000000001,516.537825,1599.2795,980.0541499999999,1014.6905999999999,646.805925,864.0840250000001,982.1474000000001,699.7373,389.15645,68.1093175,40.8428425,111.8779175,387.02727500000003
39.200000002420445,24.725316999999997,106.0461925,119.53024500000001,112.48235500000001,15.320594999999999,13.7097475,17.151964999999997,10.548167,11.327573749999999,19.5188075,38.2526575,44.410160000000005,32.469072249999996,15.669856,20.97444325,27.41918825,50.9354075,26.0415575,36.1100775,39.351937,14.333194249999998,25.6818635,10.152578,3.9747770000000004,0.8254452750000001,16.72567275,17.20384825,18.446415000000002,15.24118475,9.844675500000001,12.837456750000001,36.1150375,6.0017552499999995,47.595775,27.80337725,854.764475,823.5966999999999,525.416335,58.07261,99.79441750000001,161.377675,131.0497275,87.28854,111.10739,50.655405,33.7297475,34.50085,44.68696250000001,77.10060250000001,58.103555,17.92621575,59.71736,109.1217025,111.412725,81.82542749999999,793.7031750000001,349.71765,1303.4167,1176.113225,746.9604850000001,1426.0924,1029.370175,1473.06825,864.61415,918.880175,511.12852499999997,585.937075,1064.436475,586.986,49.16792325
39.18333333575378,19.0059825,50.7095725,14.27558325,11.21931875,13.651505,16.734735,20.437165,26.266515,35.6780725,17.45075,25.228285,21.123085,13.0061985,12.204618750000002,52.45703925,57.3135975,75.6747575,28.495695,16.18382175,13.460869,17.7153575,4.457025,3.33165675,4.7107085,6.972353,9.025275,10.689126250000001,12.90040375,11.6821175,17.958132499999998,14.541115,21.65294275,39.827715,157.72586925000002,1277.93265,1677.000575,864.27394,1590.88715,292.41172500000005,1319.86445,1375.44565,695.9821999999999,456.953125,174.37195,47.906325,13.716257500000001,10.881689999999999,34.058994999999996,63.90548,49.568749999999994,51.738735,64.33182500000001,149.036925,169.762375,114.48658499999999,394.915625,480.27005,385.678,653.6252999999999,577.799575,1129.721575,1233.799275,142.283337825,843.557575,1462.2381500000001,278.90923799999996,535.72761,380.70210975,179.54650500000002,12.14071725
39.166666669087114,27.660245000000003,14.5272855,7.57592325,13.193938249999999,16.7621,27.748472500000002,30.4063,24.1989025,27.637864999999998,31.6886675,32.718735,42.35723,30.845614999999995,29.351777499999997,32.8547275,15.123607499999999,26.5464,26.9608375,20.6686125,16.350313749999998,11.17026525,0.98105035,5.649597975000001,10.720623499999999,10.5057355,12.38540275,20.13046325,23.105134999999997,11.763676,14.98759975,7.92412,5.8578495,13.9302165,643.9597925,1894.5262500000001,1659.32105,1498.4674249999998,1393.8213500000002,1291.335625,1720.2017500000002,1340.5875,303.26755,468.18170000000003,156.188075,161.42005,121.67920000000001,258.9469175,678.03775,365.8316625,100.10599500000001,75.8700825,78.093795,94.043425,103.1980075,82.1342025,169.198225,190.950325,203.6700075,380.82842500000004,820.531375,321.60264,638.23075,236.3823325,130.84671425,798.9536250000001,63.9373,136.48011,29.903072499999997,8.8580825,8.34928975
39.15000000242045,5.58381975,6.79864225,11.659506,16.2121725,23.55596,22.4023425,28.644660000000002,24.092302500000002,49.945769999999996,54.85733,58.87867,60.63188,44.797605000000004,42.354222500000006,39.886224999999996,52.3296175,38.1280625,28.8119575,64.51740000000001,19.4898785,2.726503,2.47096575,6.62833475,6.772639,9.11886475,39.932935,46.816792500000005,92.965465,8.491876750000001,6.30969375,6.25778825,10.015602992499998,216.501925,1113.8476,1564.2541,2299.0706999999998,754.0377975000001,374.9119175,1129.2274750000001,2456.15525,1761.42725,1707.45725,375.7960175,144.88712,131.1355025,593.298125,941.289175,1365.96975,741.3836249999999,170.207525,128.18377500000003,80.418395,79.26359,61.780945,102.8653775,112.3885975,125.09557749999999,299.8437375,367.966865,429.133375,730.21262975,683.988675,542.31695,179.25367225,145.098465,181.9555,163.5363,651.1111000000001,229.35993499999998,257.2106975
39.13333333575378,25.62799825,9.854863250000001,15.168735000000002,47.80847,97.1258825,534.626475,84.5850525,119.155795,441.5685675,595.4872,105.91963,252.8197175,103.1310175,64.3290375,80.579475,85.18441250000001,37.142888750000004,5.44144825,47.74946325,62.8304325,1.5605329187499999,2.48297025,6.49739225,4.379104249999999,5.190444000000001,18.20932675,429.161075,489.161375,29.23370575,2.20943025,6.71477325,6.26295425,10.747164999999999,113.13855749999999,514.372375,306.69827250000003,195.88843350000002,1604.7801250000002,735.1428225,1911.5684999999999,1899.7273500000001,1594.3020499999998,795.291875,211.91809999999998,68.54607250000001,153.1776525,986.2078,823.27505,379.503875,178.761575,221.47727500000002,188.027075,148.38685,80.797805,80.9547975,89.8535925,84.99352,468.53695000000005,595.486625,406.084075,416.994985,337.912325,964.10565,83.64297,752.422835,338.0586025,188.8008875,738.857125,1023.9484249999999,758.81225
39.11666666908711,25.5753125,16.33231,30.978465,50.9939575,88.18325,126.70874375,102.10449500000001,69.3413025,585.80495,267.8019025,113.129875,150.35991,27.132170000000002,19.598364999999998,31.390655,84.569,336.45466,356.84502499999996,1289.4827249999998,923.36545,15.7029195,2.45161975,3.78722425,3.469279,2.6587945,2.434533,114.637385,45.4519075,6.148909999999999,4.5342905,6.990094,10.72043625,39.010239999999996,85.699845,89.8732775,253.68142500000002,1127.409225,1937.5804999999998,1049.76145,1553.510875,571.1047,394.321725,713.1536,136.13284249999998,59.3332825,205.8420425,486.1179,134.24713500000001,109.90794249999999,170.5994,160.538925,183.4641,179.187475,77.8684475,58.450140000000005,31.292965,64.368165,133.4543425,111.99962675,502.396175,1300.1260525,1572.5085,63.0971,51.392402075,138.45818058999998,300.8879075,526.6166805,365.66357500000004,1005.205095,1275.7180250000001
39.100000002420444,13.761590250000001,32.85302,23.1362275,38.4244575,37.537955,12.81872125,14.826544749999998,19.10119075,69.30947,67.3495975,40.6893575,24.35792525,17.1180075,25.2102175,29.666314999999997,72.5703325,665.578975,903.3513,1795.2101499999999,1023.24475,610.899075,606.0662,302.927278675,3.61225225,3.183705,1.7547055,0.9872067999999999,5.766449,3.633221,3.64019475,6.0571012500000005,13.25840325,74.904465,95.4819225,171.216725,555.05585,1071.27855,874.571875,1393.984475,1070.5726,456.78718250000003,2048.88565,519.424925,34.658860575,141.2546775,540.9557,510.870675,1467.4317250000001,1304.848325,138.32871,406.08635000000004,274.27880000000005,416.17802500000005,405.62359999999995,262.76032499999997,667.380355,478.614455,659.2895,795.748825,1112.315425,1398.8264,363.850955,552.9157749999999,1595.13285,38.82098499999999,339.265135,347.33899499999995,372.9352165,1495.087325,872.3725
39.08333333575378,9.12285375,15.41543575,45.644825,30.024445,18.90266325,10.84903125,51.481625,25.70203,25.06338,25.6790825,20.393085,17.543564,26.4046125,32.0969275,36.57709,418.12949249999997,546.684475,593.4257,847.117175,357.49318,826.5738524999999,801.516625,857.040625,139.620271775,2.3406534,2.14439075,1.7972774999999999,9.668531250000001,5.656785749999999,4.8181882499999995,5.77349425,29.574698750000003,86.75222500000001,104.1679525,167.788425,321.147175,543.4301875,1175.92,1388.4099999999999,904.4819500000001,832.481525,1065.307025,1196.9813749999998,719.4830474999999,608.9591,1211.7865,2002.41395,2435.11975,1089.351375,510.46675,620.892875,457.838575,784.6901,490.59542500000003,801.6658,1748.093875,251.07752425,62.1485055,575.91366,2219.94125,1671.1895,243.87947499999999,1310.147,190.9728585,15.563883749999999,0.19649339999999998,211.0,63.776320625,473.59497000000005,270.4178525
39.06666666908711,11.46905775,15.78084025,17.13504475,22.695207500000002,16.250086,12.461034000000001,40.9671375,43.1051575,34.723515000000006,24.4229025,25.479025,9.163428999999999,18.150295,16.19132575,31.902519249999997,90.97441749999999,51.80676,20.94057155,149.76016750000002,142.90049475,2.6378304,553.7758249999999,759.7456749999999,206.7533075,237.46232179999998,23.629286999999998,1.79946965,0.72977165,1.0636054750000001,1.005628725,1.43524255,12.9065605,41.8788275,58.722525,140.71499999999997,151.439275,217.46905,322.63315,724.5621,354.48365,809.96685,1043.589,1427.9085,1602.444,1687.97075,1199.004275,1687.8555,1909.4345,894.0442,602.6752,591.5137,765.15705,1033.492025,751.578425,1340.054525,1585.2651999999998,143.88257,11.94467775,322.22045,961.0370250000001,2059.782875,247.12187,4.7704825,0.0,0.0,0.0,0.0,38.437625,712.9263975,1182.55075
39.05000000242045,8.83186725,7.5079037500000005,9.748889250000001,12.0366785,18.098885,16.37282425,35.8735725,50.9242,46.374735,31.9987625,16.386205,9.958848249999999,9.62954875,7.815457,26.20758275,61.07417,56.70827,16.770533999999998,10.956863,1.767192225,543.800631,979.073475,1276.235425,674.2854500000001,390.9197,573.660825,688.4262249999999,342.19905,234.88141,289.97245,342.171775,205.674535,5.635516,25.44534475,146.0403,147.30295,114.287775,162.786925,220.8648,561.6849,947.901975,1000.4331999999999,426.7199875,1483.16205,1618.3584999999998,1549.1079,2066.01325,2509.55825,2395.8915,351.66369999999995,399.372025,619.60895,898.6214,724.1070785,1605.2717499999999,1205.3262,368.369825,7.8678444999999995,164.09717,503.48975,962.4623999999999,632.384175,97.77353325,0.0,0.0,0.0,0.0,273.276041175,1358.5207249999999,1299.82675
39.03333333575378,7.5237505,5.6061975,11.434885,13.2633725,15.933410000000002,17.94182,17.54057,28.349587,18.62900475,10.126784,10.555605,13.9602675,17.999976500000002,9.008731749999999,9.147756,110.93321,48.51794,117.85796500000001,34.27297,28.835425575000002,950.897275,1377.7920749999998,1100.03925,1537.4932000000001,87.39690169999999,105.16766625,1337.951,1449.6565,1939.8509999999999,1436.5470249999998,1207.474725,105.7744075,35.984295,75.214255,52.283435,66.36207875,100.37799749999999,141.06225,251.28735,688.445575,836.4355250000001,1108.849,633.39835,596.26665,1675.14905,1088.7256499999999,1325.4067,1733.08975,2015.0206750000002,1602.2046,1136.0291750000001,1376.363225,2220.166375,285.96439899999996,1412.6931249999998,872.2616,1044.056675,480.51980000000003,315.38755000000003,36.702535,317.16778999999997,335.82090725,79.910832175,1.9158130325,0.33183,18.49908,35.375444275,27.960749999999997,87.7588825,301.00960000000003
39.016666669087115,4.7204115,6.716412999999999,8.0366115,11.421212,16.197924999999998,10.63093225,7.0952435,9.13970475,8.92882325,9.104626,7.10693275,6.6041875,9.22458525,6.213038249999999,5.3121165,31.1672075,37.7009775,52.638014999999996,15.6378225,234.73670750000002,1071.00325,1194.4831250000002,1130.738425,404.3537175,128.7599,7.5014252500000005,265.20831,452.8586,1495.748,561.365325,244.88065,140.85150000000002,128.842625,144.5526,95.15729,80.0983175,47.343845,137.95750250000003,193.85014999999999,318.5972,390.0389,837.81935,839.6077750000001,716.992275,1526.06375,1847.61905,1137.235175,1406.21125,2149.1710000000003,1604.0794999999998,1612.9951500000002,1107.1141499999999,782.812325,796.7151,204.34989475,399.74535000000003,545.1944525,38.65652,4.07221145,0.810716925,2.360913425,0.035235175,0.0221025375,13.2430466,44.85650525,241.594445,113.39168324999999,12.375509999999998,10.676881250000001,126.304497
39.00000000242045,2.4876835,7.49739225,7.58797175,14.349122499999998,24.098225,16.56466575,38.2553065,3.63992,4.59163925,7.1569455,5.42743475,5.12233875,7.647601,8.48201375,4.466946,34.2760175,46.981195,25.434615,74.273835,225.76097499999997,1077.7589249999999,790.4395525,473.51418250000006,19.96032925,0.0,467.3095375025,1117.366725,1316.5873499999998,1769.25025,417.182125,308.276425,182.13125,146.97865,179.0272,109.82853,132.36642999999998,33.207789000000005,146.119875,313.15297499999997,375.51157500000005,195.70375,389.8919,365.84702500000003,905.8222,1481.99575,1092.02775,598.12165,605.606725,1157.68275,1127.854425,1720.345,2065.819,3639.49175,1410.616775,622.7608250000001,844.8553999999999,1082.846575,1778.5471225000001,879.89975,476.16545,0.13754092499999998,2.1465443750000004,111.523552025,392.93926,486.54515000000004,201.78589499999998,387.53729999999996,105.529667,9.205372749999999,510.73172175
38.983333335753784,3.6316315,8.319083249999998,4.41383375,8.341403,17.25813,15.9884825,12.877756250000001,6.00428725,7.90559375,8.59117975,9.067825,10.82410275,9.576497,5.64334975,6.065854,37.461525,69.85857,30.5841775,24.027122749999997,849.63282225,607.6578750000001,421.4253675,711.9284250000001,19.339102500000003,0.08456795,76.025098075,1138.0145425,1480.276,1199.06385,770.045525,670.385225,506.107525,338.504625,366.47455,167.0569675,89.7019825,10.2983932475,91.965214,503.26002500000004,276.507125,231.14173749999998,468.10155,465.9715,943.3956249999999,1383.60275,2183.75025,1294.1648,1016.7581749999999,1616.4318,3718.5095,2336.011,3025.2665,4744.14225,1228.797375,1851.595275,974.6881500000001,802.1320000000001,466.2511,942.520158,1514.7165,1073.1696025,1210.6505499999998,378.43719999999996,473.04487500000005,534.7206,278.44602499999996,985.0606,842.167625,77.798961,391.83419425
38.96666666908711,6.8083985,4.376099,11.226229,14.11576425,18.213214999999998,24.8831975,92.85879,80.78959025,21.3192115,17.362979499999998,15.13032,11.2910195,17.9577825,16.803649725,5.90872175,11.620302249999998,9.2739175,8.8034075,3.928362,543.35728125,589.31121975,173.2506775,13.953899499999999,0.0,0.13139619035,0.840897975,653.20411675,1603.418475,1385.270825,1342.3902,1402.59875,1309.2639,453.39805,317.6953,180.51425,131.9818,97.9649325,39.642701,165.19331,89.26099825,124.181099,415.6005,427.523875,904.566775,957.520025,1763.0488,969.32815,1733.944,487.50570725,1858.82225,1977.1522499999999,2517.97225,2019.204,2483.1192499999997,1671.6266500000002,1664.326975,239.4816825,296.99755500000003,1479.91175,1228.111675,1240.756675,874.6628750000001,557.9440999999999,361.77355,703.8472750000001,498.99125000000004,831.1929749999999,752.77775,138.06517,54.319342500000005
38.950000002420445,5.12939,4.038565,6.710697,4.1900337500000004,5.823043999999999,5.86555875,10.47911275,13.53139075,15.78470625,5.89639275,4.034325000000001,8.060756000000001,17.216562500000002,30.73531,62.609792500000005,96.6219725,48.63773325,4.1968594999999995,13.062816000000002,13.742896,7.317769,32.8291575,0.0,0.0,0.0,174.7262197199525,1465.55865,2219.2830000000004,876.91205,990.641875,1121.20885,1063.4295499999998,173.1675575,219.66595,340.687425,376.05455000000006,191.68625,258.05174999999997,248.19490000000002,181.4048475,342.821225,281.634975,7.2189172575,346.77435125,1284.2745,2119.83725,2602.30875,2613.06425,173.0284675,3063.56085,3808.9325000000003,2573.9674999999997,2269.2377500000002,2330.99075,2106.451,1421.53775,2687.29225,1992.818,1738.00875,1249.655925,1057.81475,278.692215,685.732925,480.60642499999994,518.173625,370.52095,697.3369749999999,1015.805175,184.9083075,76.985167425
38.93333333575378,7.0830635,4.89731675,5.287761000000001,6.57468325,6.854866250000001,5.39460525,5.928433500000001,6.7457655,3.28759605,5.41061,4.3044685,5.15807125,8.6902175,21.640027500000002,40.837055,84.9150175,27.971686,58.147310499999996,349.578129,54.73948,10.99043,0.0,0.0,0.0,0.0,53.2492,1542.935625,2229.573425,948.9576999999999,1967.4969999999998,1392.807,766.4581375,394.832425,371.95444999999995,338.52887499999997,347.775,382.031475,427.97125000000005,604.267475,465.06977499999994,1069.91145,442.692025,324.542575,197.341795,514.8015,1384.357625,2575.0854999999997,2792.0545,1433.74405,5118.8395,3128.7892500000003,2065.4635,1556.0665,2402.61225,1321.297325,1345.848175,2392.3705,1914.554,1088.861875,529.92966,885.440175,559.922425,662.775875,279.5964,157.69697,124.46188000000001,481.06604999999996,1110.1335,717.88556375,68.31741675
38.916666669087114,14.461725750000001,7.6699582500000005,5.89359825,6.0649625,12.896942999999998,11.61405925,13.3564325,11.759322750000003,3.3031235,2.830614,2.51642525,41.63752375,93.05808,51.66901,13.530539999999998,6.642339,16.2953205,218.5221675,1031.950925,602.9078,583.414405,130.61192649999998,0.8122069999999999,0.0216196775,0.0,1.566726425,618.321025,1154.9771,972.5618749999999,438.144275,988.7083,626.430175,172.4094,220.73145,467.640425,651.8921250000001,764.200525,1460.5479025,576.1906825,1282.7878,1054.073625,867.343825,794.65255,905.3493000000001,503.4885,997.6077250000001,2940.1021249999994,1787.449525,4235.5244999999995,10093.20325,3239.95485,2542.824,2172.92225,1469.4520750000001,300.26172499999996,147.03714000000002,926.350675,1106.6649,2034.1665,1596.969625,436.22526500000004,775.62475,320.244425,260.57995,168.57445,68.8106975,316.380875,947.4092250000001,487.780985,20.40687325
38.90000000242045,15.227770999999999,7.4476379999999995,8.59496225,9.5876995,12.361989999999999,13.1510115,18.4619825,6.5342445,4.1508605,3.00883625,3.73934625,148.422955,39.110245,36.24302,40.9835725,22.304245249999997,3.7005885,244.61151,350.15069525,632.3933499999999,1481.3075749999998,784.7894249999999,347.01045,66.359629,20.037375,8.403507375,1008.9639999999999,1072.809425,625.328425,327.18475,251.0274,283.133625,179.30872499999998,335.32640000000004,805.87035,829.36805,604.6548,1018.471475,2047.370425,1635.6825000000001,884.281575,1192.55215,948.01395,1127.60275,966.0181500000001,502.334475,1457.265875,2888.27225,4698.790749999999,7187.371999999999,5655.865,1944.3052750000002,2928.170825,632.070285,954.33322275,1852.357775,1144.63815,906.6017750000001,1232.7229,1057.4602750000001,182.93950925,917.9864,922.2156249999999,602.786325,270.54296,20.581775075,618.022775,751.52195,442.701285,55.263127499999996
38.883333335753775,11.3962215,4.5482165,8.917969750000001,9.74312325,5.35811175,6.138211500000001,11.6655,8.440798749999999,3.3865095,3.61806275,20.57138275,71.00002,20.75622,27.467847499999998,34.66241,35.472835,21.710475000000002,84.14211,12.322036749999999,9.2608,211.26425999999998,1125.039,232.5142325,207.83864499999999,275.2783984,813.8405225,1454.0545,848.550675,654.824525,411.81635,394.565825,298.49907499999995,321.02677500000004,575.872775,1124.977575,972.2829249999999,1204.8922499999999,1009.546925,904.683925,1133.9279999999999,1527.1667499999999,1212.65125,1695.5014999999999,1780.469,2531.88025,2447.0989999999997,5543.57875,1327.516,2357.76525,101.70163,1055.78513,3954.22775,4913.657499999999,1130.5914,2629.048,3179.0072499999997,2297.4087499999996,1289.386,1207.623425,672.490875,340.17460500000004,1403.53645,1460.9362500000002,483.50350000000003,788.4395,296.895175,473.113725,104.450160875,58.0486225,46.632189999999994
38.86666666908711,78.7297925,10.126225250000001,17.792911750000002,18.627160500000002,5.8132755,6.8007212500000005,7.65206875,5.3636155,4.4546205,14.040320000000001,50.7177425,114.08518,41.95291,45.920837500000005,145.3233875,63.1667175,45.9192925,34.3933425,17.278979,27.167522499999997,23.155746999999998,7.6886379499999995,102.975075,121.7891975,426.06408,733.2778000000001,1134.3357999999998,1515.7022499999998,1596.666,1212.70525,514.0368,278.328725,545.284525,1794.73925,2024.40875,2171.751475,1200.28675,928.608125,2032.5415,2087.3188499999997,1783.654,1281.4462749999998,2244.2015,1522.03925,3505.0782499999996,3346.0575,1761.9969,82.404209725,0.0754654,9.13773,2934.75575,1494.804527185,2607.3992,1831.8106,915.717075,2812.60725,1694.5230000000001,757.9611,1112.6734499999998,416.668975,131.76746,745.064925,642.699775,312.698385,448.9192,520.43645,187.36920249999997,1.981702575,21.3463575,34.2681525
38.850000002420444,154.0626575,13.263265999999998,28.256494000000004,37.92839075,28.6722435,35.85074300000001,2.8637995,1.6073346000000002,5.445238,19.6762115,56.926185,94.4566125,63.192702499999996,77.2803275,125.74177499999999,137.113175,79.5907375,53.5209775,22.56102075,76.2102225,47.4508875,50.1701675,270.986975,708.9584749999999,1546.8094999999998,435.3947,856.40255,1213.2839749999998,791.0035,2145.4445,1801.30805,889.531525,863.755175,1067.400725,512.122975,948.827675,472.118925,1365.756675,468.404025,1648.5801999999999,1269.77315,653.86865,2038.9010250000001,2356.4405,3640.9494999999997,3148.1485000000002,2908.3104000000003,2429.55825,2806.251525,0.0,52.9178675,902.2323025000001,3056.399,3261.474,1394.018155,1291.6802750000002,1877.963,1294.81225,1899.8825,800.4157,488.66202499999997,55.852115,73.0109425,138.02804250000003,225.51995,237.70259499999997,113.0601005,276.3559375,92.625685,65.9247125
38.83333333575378,6.579382000000001,5.02652,19.3299945,5.11758075,4.6150695,5.33651925,4.473343,1.460101,11.4820055,25.9237525,23.0476325,176.73075,528.16775,468.7044,185.83724999999998,123.830555,50.5379525,23.663365,34.069387500000005,29.5287425,21.62121675,49.5399975,564.6395,924.23185,2725.6997499999998,1280.83965,2087.25325,916.45005,514.65095,436.6124,518.562975,594.745975,1504.396475,1062.7443250000001,835.64985,1036.0873,590.6866499999999,557.120825,752.0202,1517.474075,988.9807,759.1049,1069.9111000000003,1932.0079999999998,3844.5784999999996,3271.726,2648.863,3096.791,1170.7509424999998,0.07769465,479.31925,2507.3894999999998,2495.18225,2147.2747499999996,2077.9942499999997,1183.8523,1520.368,2228.533425,1054.37185,171.0005375,160.77607375,60.576282500000005,138.6691475,118.85009324999999,61.7298425,215.26512499999998,112.61629,99.855155,254.73407500000002,114.805695
38.81666666908711,5.854814,6.749264,10.484846000000001,5.304626,7.003729999999999,6.97892025,6.77753025,7.623717225,15.97271375,24.601547500000002,25.6950675,86.0177095,286.405925,755.5926999999999,871.671625,493.11692500000004,115.1094825,18.75283975,8.8526645,6.4076725,3.7159493718550003,4.42853425,101.57397,315.9982,1372.946725,2112.27275,1314.214,158.99183499999998,304.979,132.1811725,115.3288275,232.47047500000002,600.6605,1831.4347750000002,779.47425,957.96125,909.87505,778.8055999999999,2663.2397499999997,1780.6492750000002,1080.991025,931.7631000000001,1570.9133499999998,3533.7617250000003,2776.798,1304.53695,1430.709925,2074.48575,1832.6431,79.951014,1152.06215,3892.2995,1820.8159249999999,975.2877,1265.833975,409.838475,369.71,1028.6134000000002,395.7422005,0.061431675,28.862145749999996,28.878617499999997,359.11710000000005,196.324975,587.43625,1233.260375,389.53286,66.7120275,221.736475,158.788585
38.80000000242045,9.0296685,9.044999749999999,25.326897499999998,10.68392425,6.93193125,5.23075275,12.450008500000001,19.6268275,22.30686,17.17771975,19.6950375,134.0374525,48.598266249999995,932.543375,1133.083475,371.389275,80.0681125,10.319157650000001,19.226336325,1.440228775,19.882202565,117.060856175,24.3409565,9.271681,665.546245,905.5523000000001,398.53872,66.6576125,81.71878000000001,195.81175000000002,143.25639999999999,180.332375,933.7663749999999,1542.05725,1354.6405,1357.7292750000001,1116.751275,878.96845,788.044825,996.90225,872.603775,907.5042000000001,2290.0417500000003,3647.142,2519.9867,1508.0113999999999,1087.177925,1937.83625,3063.99575,301.8161,225.74805675,821.46995,1112.74035,1532.6292,1611.8637749999998,762.885075,648.631025,544.377975,197.8102825,0.0,210.64317499999999,241.317975,236.283165,47.634137499999994,65.29861249999999,93.4568975,67.4203755,4.0818671,38.18848425,212.28186675
38.78333333575378,9.06691225,8.123158750000002,8.250322,6.849864,6.9222155,18.379642500000003,22.439252500000002,24.1564,27.3100825,35.053325,28.76612,86.47562500000001,195.51459999999997,514.1670750000001,416.58945000000006,9.646941875,2.30796491,0.849703648,2.9478845,1348.8299025,1310.8966,1523.578,947.9984,1223.37415,792.422325,191.07421,60.761465,71.9228775,81.1817625,99.59185500000001,213.110475,321.525025,1179.3989000000001,1854.16,1178.6035000000002,1212.25935,1336.0475000000001,1263.666375,558.89075,1153.7848250000002,1452.22145,541.99036,1016.03715,1259.245275,959.727025,880.1481,1576.3200000000002,2169.11575,1017.1343899999999,142.133734125,136.819437,901.57635,716.2727,633.2519,677.6289,606.2428749999999,886.1750999999999,616.24775,68.1135515,19.7508125,206.109875,427.59052499999996,174.269875,134.118425,168.8071075,36.452535000000005,32.350485,3.3617410750000003,4.02954425,8.33704925
38.766666669087115,9.64695,11.05440975,9.933045499999999,46.17957525,18.324437500000002,11.44471225,67.901135,67.06009,30.064015,33.5256325,30.625982,28.952718750000003,264.59555,114.70750749999999,793.54655,806.5382500000001,88.8839125,482.59675749999997,471.6635150000001,753.01421075,787.3930825,1616.95885,1477.928975,2245.03675,1057.098225,346.8022,86.857505,44.8207075,114.91997500000001,85.2918275,84.77049249999999,124.2398225,238.37080000000003,364.8517225,1013.18685,1556.47725,1248.22075,1038.2994,901.4044,1258.880125,753.75495,1082.21965,1490.8267500000002,1189.657125,738.4963250000001,1036.8635749999999,1474.074,995.83575,513.88825,65.61288,545.7608,910.9871,524.4756775,291.47137499999997,595.4816000000001,484.44847500000003,587.4655,637.968025,529.465225,502.62827500000003,212.14997499999998,228.1040375,83.5935475,170.75809,814.5108,34.7645075,29.4331425,21.5639755,15.8682625,3.2267412
38.75000000242044,9.545941,30.9168025,37.342285000000004,28.25828475,13.78137175,24.044562499999998,100.95603750000001,171.942275,161.2940825,93.3165675,36.5396925,56.394082999999995,27.6669075,33.461412499999994,322.281385,819.2635125,616.1565499999999,919.20435,595.074325,3.79363615,24.326431250000002,1016.9502,659.4346499999999,1022.3175250000002,558.7867885000001,1187.511825,143.80505,33.6814325,69.7275425,95.87573499999999,96.3825125,104.27553,174.4577,52.2323191,608.504925,909.07815,1188.43075,980.3845,1195.8095250000001,630.7723237499999,592.501295,1241.952,1677.28175,1238.173425,272.288725,651.320675,2322.7937500000003,943.456775,304.96159450000005,52.692162499999995,804.766975,266.418685,431.07770000000005,561.792425,391.942975,273.94545,334.59002999999996,584.338475,916.88885,537.337125,187.07356750000002,598.66482,587.7946999999999,402.606025,532.32995,111.9441875,41.8570325,22.22301,5.3696585,20.956826
38.73333333575378,37.5429225,21.859334,20.999312500000002,176.93352249999998,286.96162499999997,151.3874425,217.98895,235.891425,260.944075,154.790275,94.220525,204.03459499999997,51.395525,45.59079,34.180369999999996,85.54812249999999,1169.6174,1086.112,695.085375,235.8457925,1.675358975,246.64617250000003,1865.090375,1526.4275,576.4551250000001,208.84490250000002,157.5138025,124.582245,56.0446625,69.41667000000001,75.78438,75.24004,82.82124999999999,90.156435,448.33162500000003,839.64155,897.87665,1105.99545,1138.767375,148.13360222500003,440.10505,794.88401,114.489925,338.865103305185,898.1662,2604.789675,1762.90825,799.0849499999999,476.5507,5.119267099999999,183.42400500000002,203.47900750000002,419.40245,359.535725,112.3386875,51.3218725,107.18823,846.951575,489.10735,89.87779,58.2766025,349.4182925,263.70447,56.9419025,167.0109425,41.893142499999996,29.9604625,27.93354975,6.63113445,4.0404394
38.71666666908711,54.142222499999995,59.549895,322.545965,633.9873,465.020075,158.08277500000003,129.00935,75.016075,84.26294974999999,128.887625,60.239635,52.60765,32.22994,37.1476075,37.5122825,20.6389125,30.86477325,55.118395,464.510825,31.10661125,1.11158125,398.52342725000005,978.906525,532.2055,365.46035,133.37537500000002,195.30652500000002,193.90742500000002,107.99381500000001,27.706635,47.0385025,31.0132995,70.50251499999999,73.6844225,262.2078,611.704675,693.003485,1073.1046999999999,780.843125,566.2372,464.72542,62.24829,59.4585,1305.7062237500002,1764.073825,909.420275,707.686125,956.8810249999999,849.3852999999999,57.29044636975,428.5976,667.92015,376.813575,89.2825725,343.9392,56.775345,317.821775,299.308675,173.7624,170.79079249999998,18.08578,46.3161925,12.766617499999999,26.323114999999998,38.80860750000001,23.67494875,15.2152615,19.1380945,12.312836500000001,9.1385675
38.700000002420445,16.1690525,11.10384525,63.5337305,531.2784750000001,507.2734,90.78431,55.5439225,27.959965250000003,7.2555432500000006,61.27124499999999,66.38208499999999,70.909695,30.518130749999997,21.49942,19.446907500000002,27.970765,43.29003,72.55439,24.591447000000002,23.916407500000002,15.59542725,50.67091,106.815185,127.73900999999998,148.581095,164.10562499999997,120.57576749999998,135.60215,131.33565000000002,130.539365,173.32602500000002,223.37800500000003,129.953374275,297.21428249999997,71.0490925,136.9799125,127.89537825000001,1234.530475,1375.429575,1272.0408499999999,266.4292625,87.9506475,119.93205999999999,540.9220250000001,349.7216,484.511725,57.05410825,230.1428,1.9269218499999998,21.0704575,440.862125,529.3748,464.544625,119.89919499999999,309.73657000000003,61.315374999999996,24.27004,18.027605,74.16833249999999,262.64155,142.00164750000002,48.24435725,7.6728700000000005,8.686502749999999,42.601560000000006,33.8973575,27.2146025,48.232034999999996,19.097699249999998,24.44058425
38.68333333575378,6.563908,6.5105580000000005,16.360715,42.6682075,20.73062925,19.017564999999998,22.07104,13.0667925,21.073145,13.873534,8.86048175,23.7178125,27.876170000000002,16.699465,15.162638249999999,15.223396000000001,37.174925,27.2073925,27.63048,31.942770000000003,38.484425,62.65755750000001,138.442395,138.8077,189.2492,281.023675,196.4389,225.788025,112.230775,104.521915,207.21647,1117.484775,1460.69925,1500.9555,534.42455,252.7361965,0.1304654703,315.07482500000003,977.2074250000001,20.114144775,0.3588425,3.2098225,225.91108250000002,378.69275,85.9263575,33.40938935,4.28559825,16.70291575,11.4536874,10.237762,30.6315655,78.01447,182.63675999999998,139.90706575000002,46.64806,47.017894999999996,59.2090375,94.9051925,127.9797425,22.066936249999998,117.06572249999999,25.858140000000002,17.9404875,15.7197025,20.9042375,21.46126,20.1285275,19.468565,8.9091615,10.685906750000001
38.66666666908711,14.7610715,4.02744875,15.7856225,35.174372500000004,23.3356925,16.9245025,26.969645,12.705875,12.55093,9.81034075,3.047204,9.7237235,16.351702250000002,19.380355,8.404862,2.326885625,30.111435,35.2101975,23.8343375,20.1964175,26.998015,55.271010000000004,86.71292249999999,47.70682,186.36675000000002,476.75915000000003,304.60085000000004,454.074,673.635575,664.581075,1148.34125,1316.2054,852.1929250000001,811.9035,872.6132,1791.9865,322.54045675,74.064805,81.0311275,45.35859249999999,16.75990975,4.5911972375,17.284101875,92.43832225,9.3153802,25.3340975,16.62944325,17.422019249999998,30.9441825,67.68715,183.509975,368.93467499999997,246.2648075,17.188734750000002,14.102712499999999,6.630782,3.88061,16.706533,181.8299925,38.0902825,1.470344975,0.0,10.0526315,24.8033375,19.038512500000003,23.595855,17.239451250000002,27.703284999999997,25.2035875,8.2106645
38.65000000242044,17.69951375,9.094004250000001,14.2464775,35.5141,34.2574575,22.9033175,22.0973975,22.2634275,24.769385,15.519635,10.5241665,5.0947795,12.047717500000001,42.2389275,11.007152999999999,10.126153500000001,14.833124999999999,20.705985,21.7397475,21.678962499999997,32.820315,39.0860825,81.0531425,102.06003749999999,201.807625,349.4805775,150.6697475,383.60907499999996,988.29515,1080.1889,1318.6255,1095.75725,932.144125,422.30783740000004,233.5263505,1927.279,960.749,365.457675,20.331352250000002,30.1856555,19.4118125,15.603576,25.429014845,8.92355,9.727985,24.834635,38.051497499999996,120.806524,25.362275,186.549275,135.25025499999998,104.11213750000002,55.906575,218.6697725,290.93234,195.00040675,130.55471025,205.83680049999998,138.1316465,424.59648749999997,217.007953975,24.979456750000004,55.1916225,13.733527474999999,19.421909749999998,34.245419999999996,25.6792325,23.69142,16.89171,7.773321
38.633333335753775,16.522585,41.5502275,19.884407500000002,35.4295075,19.706005,27.6256,14.830257499999998,32.649905,18.381880000000002,13.00906,12.035127500000002,14.1143105,8.462474499999999,10.309629000000001,20.382875,9.205262,11.61245175,17.41874,18.9584875,27.241670000000003,26.8591375,13.4614915,58.690635,72.713295,117.31487,74.66524,69.2828475,151.90425,597.645775,1151.386375,1241.94455,1458.019475,1456.534,469.56160000000006,656.3361949999999,1499.1255,927.70627,67.17880425,1.0193297000000001,1.5432346750000001,9.40363875,10.6949325,50.1505825,71.37275662500001,5.560345,59.8255975,254.0573,371.80225,167.66763250000002,367.83595,184.5130475,255.81965,202.92762,266.80010000000004,588.232125,568.881425,695.0173,865.2938999999999,433.10310000000004,361.181325,263.1664675,13.956463,4.8232075000000005,6.10335e-05,8.17361025,25.2160575,14.22363,13.7052,12.791278,9.89726
